--  Sample employee database 

DROP DATABASE IF EXISTS empdb;
CREATE DATABASE IF NOT EXISTS empdb;
USE empdb;

DROP TABLE IF EXISTS dept_emp,
                     dept_manager,
                     titles,
                     salaries, 
                     employees, 
                     departments,
		     families;

CREATE TABLE families (
 emp_no	int primary key,
 children tinyint(1) not null);

insert into families values
(1,1),
(2,0);

CREATE TABLE employees (
    emp_no      INT             NOT NULL,
    birth_date  DATE            NOT NULL,
    first_name  VARCHAR(20)     NOT NULL,
    last_name   VARCHAR(20)     NOT NULL, 
    hire_date   DATE            NOT NULL,
    PRIMARY KEY (emp_no)
);

CREATE TABLE departments (
    dept_no     CHAR(4)         NOT NULL,
    dept_name   VARCHAR(40)     NOT NULL,
    PRIMARY KEY (dept_no),
    UNIQUE  KEY (dept_name)
);

CREATE TABLE dept_manager (
   emp_no       INT             NOT NULL,
   dept_no      CHAR(4)         NOT NULL,
   from_date    DATE            NOT NULL,
   to_date      DATE            NOT NULL,
   FOREIGN KEY (emp_no)  REFERENCES employees (emp_no)    ON DELETE CASCADE,
   FOREIGN KEY (dept_no) REFERENCES departments (dept_no) ON DELETE CASCADE,
   PRIMARY KEY (emp_no,dept_no)
); 

CREATE TABLE dept_emp (
    emp_no      INT             NOT NULL,
    dept_no     CHAR(4)         NOT NULL,
    from_date   DATE            NOT NULL,
    to_date     DATE            NOT NULL,
    FOREIGN KEY (emp_no)  REFERENCES employees   (emp_no)  ON DELETE CASCADE,
    FOREIGN KEY (dept_no) REFERENCES departments (dept_no) ON DELETE CASCADE,
    PRIMARY KEY (emp_no,dept_no)
);

CREATE TABLE titles (
    emp_no      INT             NOT NULL,
    title       VARCHAR(50)     NOT NULL,
    from_date   DATE            NOT NULL,
    to_date     DATE,
    FOREIGN KEY (emp_no) REFERENCES employees (emp_no) ON DELETE CASCADE,
    PRIMARY KEY (emp_no,title, from_date)
) 
; 

CREATE TABLE salaries (
    emp_no      INT             NOT NULL,
    salary      INT             NOT NULL,
    from_date   DATE            NOT NULL,
    to_date     DATE            NOT NULL,
    FOREIGN KEY (emp_no) REFERENCES employees (emp_no) ON DELETE CASCADE,
    PRIMARY KEY (emp_no, from_date)
) 
; 
INSERT INTO `employees` VALUES (10001,'1953-09-02','Georgi','Facello',  '1986-06-26'),
(10002,'1964-06-02','Bezalel','Simmel','1985-11-21'),
(10003,'1959-12-03','Parto','Bamford',  '1986-08-28'),
(10004,'1954-05-01','Chirstian','Koblick',  '1986-12-01'),
(10005,'1955-01-21','Kyoichi','Maliniak',  '1989-09-12'),
(10006,'1953-04-20','Anneke','Preusig','1989-06-02'),
(10007,'1957-05-23','Tzvetan','Zielinski','1989-02-10'),
(10008,'1958-02-19','Saniya','Kalloufi',  '1994-09-15'),
(10009,'1952-04-19','Sumant','Peac','1985-02-18'),
(10010,'1963-06-01','Duangkaew','Piveteau','1989-08-24'),
(10011,'1953-11-07','Mary','Sluis','1990-01-22'),
(10012,'1960-10-04','Patricio','Bridgland',  '1992-12-18'),
(10013,'1963-06-07','Eberhardt','Terkki',  '1985-10-20'),
(10014,'1956-02-12','Berni','Genin',  '1987-03-11'),
(10015,'1959-08-19','Guoxiang','Nooteboom',  '1987-07-02'),
(10016,'1961-05-02','Kazuhito','Cappelletti',  '1995-01-27'),
(10017,'1958-07-06','Cristinel','Bouloucos','1993-08-03'),
(10018,'1954-06-19','Kazuhide','Peha','1987-04-03'),
(10019,'1953-01-23','Lillian','Haddadi',  '1999-04-30'),
(10020,'1952-12-24','Mayuko','Warwick',  '1991-01-26'),
(10021,'1960-02-20','Ramzi','Erde',  '1988-02-10'),
(10022,'1952-07-08','Shahaf','Famili',  '1995-08-22'),
(10023,'1953-09-29','Bojan','Montemayor','1989-12-17'),
(10024,'1958-09-05','Suzette','Pettey','1997-05-19'),
(10025,'1958-10-31','Prasadram','Heyers',  '1987-08-17'),
(10026,'1953-04-03','Yongqiao','Berztiss',  '1995-03-20'),
(10027,'1962-07-10','Divier','Reistad','1989-07-07'),
(10028,'1963-11-26','Domenick','Tempesti',  '1991-10-22'),
(10029,'1956-12-13','Otmar','Herbst',  '1985-11-20'),
(10030,'1958-07-14','Elvis','Demeyer',  '1994-02-17'),
(10031,'1959-01-27','Karsten','Joslin',  '1991-09-01'),
(10032,'1960-08-09','Jeong','Reistad','1990-06-20'),
(10033,'1956-11-14','Arif','Merlo',  '1987-03-18'),
(10034,'1962-12-29','Bader','Swan',  '1988-09-21'),
(10035,'1953-02-08','Alain','Chappelet',  '1988-09-05'),
(10036,'1959-08-10','Adamantios','Portugali',  '1992-01-03'),
(10037,'1963-07-22','Pradeep','Makrucki',  '1990-12-05'),
(10038,'1960-07-20','Huan','Lortz',  '1989-09-20'),
(10039,'1959-10-01','Alejandro','Brender',  '1988-01-19'),
(10040,'1959-09-13','Weiyi','Meriste','1993-02-14'),
(10041,'1959-08-27','Uri','Lenart','1989-11-12'),
(10042,'1956-02-26','Magy','Stamatiou','1993-03-21'),
(10043,'1960-09-19','Yishay','Tzvieli',  '1990-10-20'),
(10044,'1961-09-21','Mingsen','Casley','1994-05-21'),
(10045,'1957-08-14','Moss','Shanbhogue',  '1989-09-02'),
(10046,'1960-07-23','Lucien','Rosenbaum',  '1992-06-20'),
(10047,'1952-06-29','Zvonko','Nyanchama',  '1989-03-31'),
(10048,'1963-07-11','Florian','Syrotiuk',  '1985-02-24'),
(10049,'1961-04-24','Basil','Tramer','1992-05-04'),
(10050,'1958-05-21','Yinghua','Dredge',  '1990-12-25'),
(10051,'1953-07-28','Hidefumi','Caine',  '1992-10-15'),
(10052,'1961-02-26','Heping','Nitsch',  '1988-05-21'),
(10053,'1954-09-13','Sanjiv','Zschoche','1986-02-04'),
(10054,'1957-04-04','Mayumi','Schueller',  '1995-03-13'),
(10055,'1956-06-06','Georgy','Dredge',  '1992-04-27'),
(10056,'1961-09-01','Brendon','Bernini','1990-02-01'),
(10057,'1954-05-30','Ebbe','Callaway','1992-01-15'),
(10058,'1954-10-01','Berhard','McFarlin',  '1987-04-13'),
(10059,'1953-09-19','Alejandro','McAlpine','1991-06-26'),
(10060,'1961-10-15','Breannda','Billingsley',  '1987-11-02'),
(10061,'1962-10-19','Tse','Herber',  '1985-09-17'),
(10062,'1961-11-02','Anoosh','Peyn',  '1991-08-30'),
(10063,'1952-08-06','Gino','Leonhardt','1989-04-08'),
(10064,'1959-04-07','Udi','Jansch',  '1985-11-20'),
(10065,'1963-04-14','Satosi','Awdeh',  '1988-05-18'),
(10066,'1952-11-13','Kwee','Schusler',  '1986-02-26'),
(10067,'1953-01-07','Claudi','Stavenow',  '1987-03-04'),
(10068,'1962-11-26','Charlene','Brattka',  '1987-08-07'),
(10069,'1960-09-06','Margareta','Bierman','1989-11-05'),
(10070,'1955-08-20','Reuven','Garigliano',  '1985-10-14'),
(10071,'1958-01-21','Hisao','Lipner',  '1987-10-01'),
(10072,'1952-05-15','Hironoby','Sidou','1988-07-21'),
(10073,'1954-02-23','Shir','McClurg',  '1991-12-01'),
(10074,'1955-08-28','Mokhtar','Bernatsky','1990-08-13'),
(10075,'1960-03-09','Gao','Dolinsky','1987-03-19'),
(10076,'1952-06-13','Erez','Ritzmann','1985-07-09'),
(10077,'1964-04-18','Mona','Azuma',  '1990-03-02'),
(10078,'1959-12-25','Danel','Mondadori','1987-05-26'),
(10079,'1961-10-05','Kshitij','Gils','1986-03-27'),
(10080,'1957-12-03','Premal','Baek',  '1985-11-19'),
(10081,'1960-12-17','Zhongwei','Rosen',  '1986-10-30'),
(10082,'1963-09-09','Parviz','Lortz',  '1990-01-03'),
(10083,'1959-07-23','Vishv','Zockler',  '1987-03-31'),
(10084,'1960-05-25','Tuval','Kalloufi',  '1995-12-15'),
(10085,'1962-11-07','Kenroku','Malabarba',  '1994-04-09'),
(10086,'1962-11-19','Somnath','Foote',  '1990-02-16'),
(10087,'1959-07-23','Xinglin','Eugenio','1986-09-08'),
(10088,'1954-02-25','Jungsoon','Syrzycki','1988-09-02'),
(10089,'1963-03-21','Sudharsan','Flasterstein','1986-08-12'),
(10090,'1961-05-30','Kendra','Hofting',  '1986-03-14'),
(10091,'1955-10-04','Amabile','Gomatam',  '1992-11-18'),
(10092,'1964-10-18','Valdiodio','Niizuma','1989-09-22'),
(10093,'1964-06-11','Sailaja','Desikan',  '1996-11-05'),
(10094,'1957-05-25','Arumugam','Ossenbruggen','1987-04-18'),
(10095,'1965-01-03','Hilari','Morton',  '1986-07-15'),
(10096,'1954-09-16','Jayson','Mandell',  '1990-01-14'),
(10097,'1952-02-27','Remzi','Waschkowski',  '1990-09-15'),
(10098,'1961-09-23','Sreekrishna','Servieres','1985-05-13'),
(10099,'1956-05-25','Valter','Sullins','1988-10-18'),
(10100,'1953-04-21','Hironobu','Haraldson','1987-09-21'),
(10101,'1952-04-15','Perla','Heyers','1992-12-28'),
(10102,'1959-11-04','Paraskevi','Luby','1994-01-26'),
(10103,'1953-11-26','Akemi','Birch',  '1986-12-02'),
(10104,'1961-11-19','Xinyu','Warwick',  '1987-04-16'),
(10105,'1962-02-05','Hironoby','Piveteau',  '1999-03-23'),
(10106,'1952-08-29','Eben','Aingworth',  '1990-12-19'),
(10107,'1956-06-13','Dung','Baca','1994-03-22'),
(10108,'1952-04-07','Lunjin','Giveon',  '1986-10-02'),
(10109,'1958-11-25','Mariusz','Prampolini','1993-06-16'),
(10110,'1957-03-07','Xuejia','Ullian','1986-08-22'),
(10111,'1963-08-29','Hugo','Rosis','1988-06-19'),
(10112,'1963-08-13','Yuichiro','Swick','1985-10-08'),
(10113,'1963-11-13','Jaewon','Syrzycki',  '1989-12-24'),
(10114,'1957-02-16','Munir','Demeyer','1992-07-17'),
(10115,'1964-12-25','Chikara','Rissland',  '1986-01-23'),
(10116,'1955-08-26','Dayanand','Czap','1985-05-28'),
(10117,'1961-10-24','Kiyotoshi','Blokdijk','1990-05-28'),
(10118,'1957-03-29','Zhonghui','Zyda','1990-09-13'),
(10119,'1960-12-01','Domenick','Peltason',  '1986-03-14'),
(10120,'1960-03-26','Armond','Fairtlough','1996-07-06'),
(10121,'1962-07-14','Guoxiang','Ramsay',  '1989-05-03'),
(10122,'1965-01-19','Ohad','Esposito',  '1992-12-23'),
(10123,'1962-05-12','Hinrich','Randi',  '1993-01-15'),
(10124,'1962-05-23','Geraldo','Marwedel',  '1991-09-05'),
(10125,'1957-09-13','Syozo','Hiltgen','1990-10-26'),
(10126,'1954-08-07','Kayoko','Valtorta',  '1985-09-08'),
(10127,'1952-02-24','Subir','Baja','1989-01-14'),
(10128,'1958-02-15','Babette','Lamba','1988-06-06'),
(10129,'1955-12-02','Armond','Peir',  '1985-12-10'),
(10130,'1955-04-27','Nishit','Casperson',  '1988-06-21'),
(10131,'1952-02-19','Magdalena','Eldridge',  '1994-11-17'),
(10132,'1956-12-15','Ayakannu','Skrikant',  '1994-10-30'),
(10133,'1963-12-12','Giri','Isaak',  '1985-12-15'),
(10134,'1953-04-15','Diederik','Siprelle',  '1987-12-12'),
(10135,'1956-12-23','Nathan','Monkewich',  '1988-02-19'),
(10136,'1961-09-14','Zissis','Pintelas',  '1986-02-11'),
(10137,'1959-07-30','Maren','Hutton',  '1985-02-18'),
(10138,'1955-04-24','Perry','Shimshoni',  '1986-09-18'),
(10139,'1963-03-03','Ewing','Foong','1998-03-15'),
(10140,'1957-03-11','Yucel','Auria','1991-03-14'),
(10141,'1960-01-17','Shahaf','Ishibashi','1993-05-06'),
(10142,'1956-08-29','Tzvetan','Hettesheimer',  '1993-10-28'),
(10143,'1961-07-16','Sakthirel','Bakhtari',  '1988-09-30'),
(10144,'1959-06-17','Marla','Brendel',  '1985-10-14'),
(10145,'1956-03-30','Akemi','Esposito','1987-08-01'),
(10146,'1959-01-12','Chenyi','Syang',  '1988-06-28'),
(10147,'1964-10-13','Kazuhito','Encarnacion',  '1986-08-21'),
(10148,'1957-10-04','Douadi','Azumi',  '1995-10-10'),
(10149,'1953-05-20','Xiadong','Perry','1986-11-05'),
(10150,'1955-01-29','Zhenbing','Perng','1986-11-16'),
(10151,'1959-03-06','Itzchak','Lichtner',  '1990-04-10'),
(10152,'1954-12-01','Jaques','Munro','1986-01-27'),
(10153,'1955-12-15','Heekeun','Majewski',  '1987-04-08'),
(10154,'1957-01-17','Abdulah','Thibadeau','1990-12-12'),
(10155,'1959-12-07','Adas','Nastansky',  '1990-01-05'),
(10156,'1964-09-19','Sumali','Fargier',  '1985-03-10'),
(10157,'1954-04-23','Nigel','Aloisi',  '1985-11-02'),
(10158,'1958-04-01','Khedija','Mitsuhashi',  '1986-01-29'),
(10159,'1955-03-03','Serif','Buescher',  '1991-05-29'),
(10160,'1953-10-18','Debatosh','Khasidashvili',  '1989-01-30'),
(10161,'1953-04-06','Hairong','Mellouli','1988-04-03'),
(10162,'1957-10-05','Florina','Eugenio',  '1991-05-01'),
(10163,'1952-09-17','Karsten','Szmurlo',  '1989-07-19'),
(10164,'1956-01-19','Jagoda','Braunmuhl',  '1985-11-12'),
(10165,'1960-06-16','Miyeon','Macedo',  '1988-05-17'),
(10166,'1953-05-10','Samphel','Siegrist','1993-01-01'),
(10167,'1958-05-23','Duangkaew','Rassart',  '1992-04-04'),
(10168,'1964-09-11','Dharmaraja','Stassinopoulos',  '1986-12-06'),
(10169,'1961-05-03','Sampalli','Snedden','1992-07-24'),
(10170,'1960-10-03','Kasturi','Jenevein','1986-01-02'),
(10171,'1957-09-11','Herbert','Trachtenberg',  '1989-07-22'),
(10172,'1957-03-25','Shigeu','Matzen','1995-10-13'),
(10173,'1962-10-28','Shrikanth','Mahmud',  '1992-03-21'),
(10174,'1959-05-15','Badri','Furudate',  '1987-06-01'),
(10175,'1960-01-11','Aleksandar','Ananiadou','1988-01-11'),
(10176,'1957-01-24','Brendon','Lenart','1994-12-22'),
(10177,'1954-11-08','Pragnesh','Iisaka',  '1993-02-06'),
(10178,'1963-03-13','Valery','Litvinov',  '1986-10-07'),
(10179,'1961-11-25','Deniz','Duclos','1990-10-04'),
(10180,'1956-01-29','Shaw','Wendorf',  '1986-02-25'),
(10181,'1963-01-22','Sibyl','Nooteboom',  '1988-06-22'),
(10182,'1961-02-04','Moriyoshi','Merey','1990-09-02'),
(10183,'1954-10-17','Mechthild','Bonifati',  '1996-08-11'),
(10184,'1957-05-22','Mihalis','Lowrie',  '1987-10-29'),
(10185,'1959-12-05','Duro','Sidhu','1986-03-01'),
(10186,'1953-07-16','Shigehito','Kropatsch',  '1986-03-28'),
(10187,'1961-05-26','Tommaso','Narwekar','1991-06-01'),
(10188,'1956-07-13','Christ','Muchinsky','1987-08-27'),
(10189,'1955-11-12','Khalid','Erva',  '1989-10-05'),
(10190,'1964-12-11','Arve','Fairtlough','1986-06-23'),
(10191,'1959-04-08','Zdislav','Nastansky',  '1986-04-10'),
(10192,'1960-09-16','Mohua','Falck',  '1988-06-13'),
(10193,'1960-06-29','Masaru','Cheshire',  '1991-07-28'),
(10194,'1954-01-29','Josyula','Hofmeyr','1989-05-15'),
(10195,'1963-11-13','Annemarie','Redmiles',  '1985-02-15'),
(10196,'1954-01-27','Marc','Hellwagner',  '1994-11-16'),
(10197,'1963-08-06','Kasidit','Krzyzanowski','1993-11-22'),
(10198,'1953-05-28','Pranav','Furedi',  '1985-08-31'),
(10199,'1959-04-07','Kazuhisa','Ranta',  '1997-04-29'),
(10200,'1961-12-31','Vidya','Awdeh',  '1985-10-16'),
(10201,'1956-12-15','Idoia','Kavraki','1986-11-22'),
(10202,'1956-01-05','Greger','Lichtner',  '1991-10-06'),
(10203,'1955-07-27','Steen','Escriba',  '1989-04-06'),
(10204,'1956-12-09','Nevio','Ritcey','1986-12-04'),
(10205,'1953-05-20','Mabhin','Leijenhorst','1993-08-23'),
(10206,'1960-09-19','Alassane','Iwayama','1988-04-19'),
(10207,'1955-05-28','Girolamo','Anandan','1992-10-11'),
(10208,'1960-01-02','Xiping','Klerer',  '1991-12-23'),
(10209,'1956-12-12','Yolla','Ellozy','1991-11-23'),
(10210,'1958-01-24','Yuping','Alpin',  '1994-05-10'),
(10211,'1964-08-05','Vishu','Strehl','1989-11-18'),
(10212,'1959-05-09','Divier','Esteva',  '1990-07-11'),
(10213,'1964-05-24','Jackson','Kakkad',  '1992-11-06'),
(10214,'1962-04-14','Tadahiko','Ciolek',  '1988-02-29'),
(10215,'1954-04-02','Xiaobin','Duclos',  '1987-10-19'),
(10216,'1958-07-16','Amstein','Ghemri',  '1987-10-30'),
(10217,'1954-07-07','Yongmin','Roison','1986-05-12'),
(10218,'1958-12-07','Zhenhua','Magalhaes',  '1997-01-15'),
(10219,'1952-05-02','Genta','Kolvik',  '1993-03-31'),
(10220,'1958-05-25','Kish','Fasbender','1992-06-25'),
(10221,'1957-01-03','Yucai','Granlund',  '1988-06-08'),
(10222,'1962-09-21','Tze','Nourani',  '1986-06-08'),
(10223,'1963-09-17','Carrsten','Schmiedel','1985-11-18'),
(10224,'1954-05-17','Leon','Trogemann',  '1988-01-09'),
(10225,'1957-02-13','Kellie','Chinen','1986-06-19'),
(10226,'1964-12-28','Xinglin','Plessier',  '1989-10-27'),
(10227,'1957-07-04','Anneli','Kaiser',  '1994-04-24'),
(10228,'1953-04-21','Karoline','Cesareni','1991-08-26'),
(10229,'1952-02-10','Ulises','Takanami',  '1987-11-22'),
(10230,'1955-09-11','Clyde','Vernadat',  '1996-06-16'),
(10231,'1963-07-21','Shaowen','Desikan','1996-04-13'),
(10232,'1956-03-11','Marko','Auria','1992-06-04'),
(10233,'1954-04-01','Lein','Vendrig','1985-07-05'),
(10234,'1961-01-18','Arunachalam','Bakhtari',  '1990-11-19'),
(10235,'1958-03-27','Susanta','Roccetti','1995-04-06'),
(10236,'1960-03-26','Susumu','Bade','1996-08-30'),
(10237,'1952-09-22','Yannis','Mandell','1989-08-11'),
(10238,'1964-11-02','Mototsugu','Gire','1986-11-19'),
(10239,'1955-03-31','Nikolaos','Llado','1995-05-08'),
(10240,'1952-04-01','Remko','Maccarone',  '1998-10-06'),
(10241,'1958-07-01','Ortrud','Murillo',  '1988-06-12'),
(10242,'1964-02-22','Lunjin','Ozeri',  '1988-01-18'),
(10243,'1960-12-22','Wonhee','Pouyioutas',  '1985-11-24'),
(10244,'1961-10-24','Foong','Flasterstein',  '1985-12-23'),
(10245,'1962-08-23','Ramalingam','Gente','1985-04-26'),
(10246,'1962-06-23','Basem','Teitelbaum',  '1987-07-12'),
(10247,'1964-06-30','Heon','Riefers','1992-08-14'),
(10248,'1955-09-24','Frederique','Tempesti','1991-08-13'),
(10249,'1954-06-10','Marie','Boreale',  '1991-12-08'),
(10250,'1958-08-12','Serap','Etalle',  '1992-08-30'),
(10251,'1957-04-25','Alair','Rosenbaum',  '1992-06-25'),
(10252,'1961-01-30','Shirish','Wegerle','1990-11-08'),
(10253,'1964-11-12','Zsolt','Salinas','1985-02-21'),
(10254,'1959-12-07','Shen','Brattka',  '1990-06-14'),
(10255,'1964-02-08','Roddy','Garnick',  '1993-05-12'),
(10256,'1960-12-02','Irene','Radhakrishnan',  '1985-10-12'),
(10257,'1957-09-12','Aiman','Riexinger',  '1986-08-05'),
(10258,'1955-12-12','Basil','Ishibashi','1985-05-17'),
(10259,'1964-11-24','Susanna','Vesel',  '1986-06-25'),
(10260,'1961-07-14','Alper','Suomi','1991-04-13'),
(10261,'1959-12-25','Mang','Erie',  '1993-10-20'),
(10262,'1955-08-04','Mahendra','Maraist','1992-07-27'),
(10263,'1961-02-08','Takahiro','Waterhouse',  '1994-02-05'),
(10264,'1958-09-08','Nalini','Kawashimo','1997-07-16'),
(10265,'1960-12-01','Ramalingam','Muniz',  '1989-07-13'),
(10266,'1958-02-24','Sukumar','Rassart',  '1990-05-25'),
(10267,'1956-01-16','Shaunak','Cullers',  '1996-12-11'),
(10268,'1958-06-03','Nishit','Siochi',  '1986-12-17'),
(10269,'1959-10-07','Taizo','Oxman','1988-07-24'),
(10270,'1963-01-30','Bedir','Hartvigsen','1990-04-26'),
(10271,'1962-04-24','Sham','Eastman',  '1986-05-23'),
(10272,'1954-11-30','Yishai','Cannane',  '1988-05-23'),
(10273,'1962-08-29','Baocai','Lieblein',  '1985-11-06'),
(10274,'1957-08-23','Dmitri','Pearson','1991-04-21'),
(10275,'1961-10-22','Marek','Luck','1987-09-08'),
(10276,'1964-07-27','Xuejun','Hempstead',  '1985-07-21'),
(10277,'1964-08-15','Isaac','Schwartzbauer',  '1985-06-16'),
(10278,'1955-03-09','Lubomir','Nitsch',  '1991-05-17'),
(10279,'1964-08-20','Barton','Jumpertz','1994-12-20'),
(10280,'1964-10-29','Stabislas','Delgrange',  '1988-03-18'),
(10281,'1953-05-13','Moty','Kusakari',  '1994-12-03'),
(10282,'1953-11-27','Hercules','Benzmuller',  '1986-06-04'),
(10283,'1953-07-08','Kauko','Birjandi',  '1988-05-25'),
(10284,'1954-04-08','Masali','Murrill','1997-07-02'),
(10285,'1956-09-21','Zhonghui','Preusig','1995-02-27'),
(10286,'1952-05-14','Saddek','Gopalakrishnan','1988-03-21'),
(10287,'1963-11-28','Marie','Pietracaprina',  '1992-12-28'),
(10288,'1959-06-02','Selwyn','Perri',  '1994-08-29'),
(10289,'1956-11-30','Shay','Poulakidas',  '1990-06-06'),
(10290,'1957-05-29','Yongmao','Pleszkun',  '1991-09-18'),
(10291,'1965-01-23','Dipayan','Seghrouchni',  '1986-09-29'),
(10292,'1963-01-27','Yucel','Ghelli','1989-06-05'),
(10293,'1956-11-24','Mihalis','Avouris','1992-12-12'),
(10294,'1955-01-05','Rutger','Miara',  '1996-04-08'),
(10295,'1953-01-13','Kristine','Velardi',  '1990-08-27'),
(10296,'1964-05-13','Petter','Lorho',  '1989-09-16'),
(10297,'1956-06-17','Narain','Oaver','1986-05-28'),
(10298,'1954-07-06','Dietrich','DuCasse','1999-03-30'),
(10299,'1960-06-21','Ipke','Stentiford','1990-01-10'),
(10300,'1960-07-12','Tadahiko','Ulupinar','1991-05-17'),
(10301,'1962-08-26','Lucien','Staudhammer',  '1988-05-23'),
(10302,'1954-10-11','Faiza','Baer','1986-07-22'),
(10303,'1961-09-11','Marlo','Zschoche',  '1990-02-05'),
(10304,'1956-03-07','Bernt','Erie',  '1992-11-16'),
(10305,'1952-06-30','Hirochika','Piancastelli',  '1988-10-31'),
(10306,'1953-06-02','Heng','Kilgour',  '1993-09-06'),
(10307,'1955-07-20','Nikolaos','Leaver',  '1991-04-10'),
(10308,'1961-03-14','Dzung','Holburn','1992-12-29'),
(10309,'1964-11-06','Prodip','Schusler','1985-06-20'),
(10310,'1964-08-29','Aksel','Alencar',  '1990-10-24'),
(10311,'1958-11-24','Hsiangchu','Molenkamp','1991-04-01'),
(10312,'1957-06-18','Rasiah','Deyuan','1986-08-28'),
(10313,'1962-05-30','Subbu','Riexinger',  '1994-10-10'),
(10314,'1961-05-04','Christfried','Apsitis',  '1986-01-16'),
(10315,'1956-08-03','Maris','Angelopoulos',  '1987-08-28'),
(10316,'1958-06-20','Christoper','Schwaller',  '1987-09-04'),
(10317,'1957-12-25','Arie','Birge',  '1986-12-10'),
(10318,'1958-08-27','Mototsugu','Beilner','1985-06-29'),
(10319,'1963-03-09','Mechthild','Miyakawa',  '1985-08-15'),
(10320,'1956-06-22','Uinam','Stasinski','1988-11-03'),
(10321,'1955-12-12','Guenter','Ravishankar',  '1991-09-24'),
(10322,'1954-05-28','Isamu','Dahlbom','1990-01-29'),
(10323,'1958-06-20','Kankanahalli','Hinsberger',  '1991-06-06'),
(10324,'1957-12-29','Bernardo','Rouquie','1988-03-19'),
(10325,'1953-01-12','Arunachalam','Badr',  '1990-09-20'),
(10326,'1953-02-13','Masali','Czap','1985-05-13'),
(10327,'1954-04-01','Roded','Facello',  '1987-09-18'),
(10328,'1955-06-28','Serenella','Kawashima',  '1994-01-16'),
(10329,'1958-04-28','Remko','Shigei','1986-01-20'),
(10330,'1957-02-02','Kasturi','Bellmore',  '1985-06-12'),
(10331,'1961-08-12','Arto','Binkley',  '1985-04-06'),
(10332,'1961-11-05','Masanao','Bain','1988-06-08'),
(10333,'1953-04-27','Snehasis','Dymetman',  '1993-01-16'),
(10334,'1958-04-02','Falguni','Erie',  '1996-12-28'),
(10335,'1963-03-13','Toshimori','Bahi','1992-04-06'),
(10336,'1961-07-16','Goa','Rothe','1992-01-07'),
(10337,'1957-12-10','Jeong','Sadowsky',  '1995-08-06'),
(10338,'1961-02-12','Heon','Ranai',  '1988-09-01'),
(10339,'1957-08-27','Teunis','Liedekerke',  '1989-11-30'),
(10340,'1952-08-20','Djelloul','Laventhal',  '1987-06-05'),
(10341,'1960-11-22','Wilmer','Greenaway','1987-04-29'),
(10342,'1960-03-17','Stella','Hiroyama','1987-07-25'),
(10343,'1954-11-01','Dinah','Syrzycki',  '1993-10-14'),
(10344,'1957-07-24','Uwe','Garnier','1994-06-25'),
(10345,'1960-12-13','Arra','Ratnakar',  '1993-11-08'),
(10346,'1963-01-29','Aamod','Radwan',  '1987-01-27'),
(10347,'1953-10-03','Pradeep','Kaminger',  '1985-12-12'),
(10348,'1956-03-11','Mahendra','Picco','1995-10-22'),
(10349,'1954-04-29','Oksana','Brodie','1991-09-28'),
(10350,'1954-11-14','Kristen','Kavvadias','1990-08-19'),
(10351,'1963-08-23','Tadahiko','Strehl','1985-03-07'),
(10352,'1960-01-28','Erzsebet','Ohori',  '1996-01-21'),
(10353,'1953-01-15','Phule','Hammerschmidt',  '1989-08-24'),
(10354,'1961-04-21','Moto','Kusakari',  '1996-03-26'),
(10355,'1952-12-10','Satyanarayana','Cochrane',  '1987-11-15'),
(10356,'1952-08-12','Vasilis','Standera',  '1988-08-06'),
(10357,'1964-01-10','Hausi','Sidhu',  '1994-04-04'),
(10358,'1953-04-08','Qunsheng','Tagansky',  '1991-02-19'),
(10359,'1960-04-18','Heekeun','Sambasivam','1991-05-09'),
(10360,'1960-11-04','Irene','Munck',  '1996-09-04'),
(10361,'1961-04-22','Seshu','Sidou','1986-10-23'),
(10362,'1963-09-16','Shalesh','dAstous',  '1988-08-24'),
(10363,'1953-11-28','Toshiki','Muniz','1985-09-11'),
(10364,'1954-09-21','Nakhoon','Dengi',  '1985-11-14'),
(10365,'1958-04-28','Rosine','Granlund','1987-06-02'),
(10366,'1960-01-25','Morrie','Piazza',  '1994-04-11'),
(10367,'1955-12-24','Hyuckchul','Gini',  '1991-06-24'),
(10368,'1956-03-25','Hatim','Koshiba',  '1991-04-05'),
(10369,'1957-01-08','Qunsheng','Toyoshima',  '1986-05-17'),
(10370,'1957-08-03','Clyde','Fandrianto',  '1992-04-04'),
(10371,'1959-02-10','Ioana','Kirkerud',  '1989-11-28'),
(10372,'1952-04-08','Anneli','Frijda','1985-07-30'),
(10373,'1959-01-08','Hongzue','Heijenga',  '1997-04-26'),
(10374,'1955-10-08','Willard','Rosin','1993-12-08'),
(10375,'1957-10-09','Dante','Kalafatis','1994-05-29'),
(10376,'1959-02-12','Fai','Bale',  '1989-01-14'),
(10377,'1954-08-19','Marl','Grospietsch',  '1990-05-07'),
(10378,'1964-09-05','Takahira','Lichtner',  '1990-12-30'),
(10379,'1957-03-02','Mikhail','Rosis',  '1996-07-15'),
(10380,'1956-05-25','Alejandro','Kamble','1985-03-19'),
(10381,'1963-03-04','Jiong','Parfitt',  '1991-12-04'),
(10382,'1955-06-12','Shirish','Dredge',  '1990-07-04'),
(10383,'1963-11-13','Leucio','Aumann',  '1991-06-19'),
(10384,'1956-08-22','Feiyu','Luft',  '1986-01-16'),
(10385,'1963-05-14','Khatoun','Imataki',  '1992-12-20'),
(10386,'1956-11-09','Eishiro','Miyakawa','1985-08-02'),
(10387,'1952-11-03','Parto','Wrigley','1987-02-19'),
(10388,'1953-03-29','Hironoby','Kaiser',  '1996-03-24'),
(10389,'1953-03-24','Make','Peir',  '1995-10-31'),
(10390,'1960-03-07','Wanqing','Bratten',  '1989-05-17'),
(10391,'1956-06-13','Hongzue','Akaboshi',  '1989-12-24'),
(10392,'1962-02-17','Jiann','Hainaut',  '1992-03-01'),
(10393,'1958-03-24','Yagil','DasSarma',  '1989-06-23'),
(10394,'1957-05-22','Shawna','Meriste',  '1991-03-14'),
(10395,'1952-02-17','Takahiro','Deverell',  '1987-02-04'),
(10396,'1955-08-21','Sibyl','Rahier',  '1986-01-11'),
(10397,'1955-11-11','Irena','Reutenauer',  '1993-05-21'),
(10398,'1958-07-16','Shooichi','Escriba','1990-10-12'),
(10399,'1957-06-13','Guenter','Marchegay','1985-05-07'),
(10400,'1961-12-16','Ortrud','Nitto',  '1993-10-17'),
(10401,'1962-04-25','Eckart','Barriga',  '1991-04-05'),
(10402,'1953-07-23','Volkmar','Ebeling',  '1987-01-02'),
(10403,'1956-04-01','Atreyi','Mungall','1991-09-13'),
(10404,'1955-04-27','Prodip','Rosti','1988-08-28'),
(10405,'1957-01-20','Hilary','Budinsky','1985-11-04'),
(10406,'1956-09-21','Sigeru','Wynblatt','1987-03-11'),
(10407,'1955-07-05','Ulf','Siepmann',  '1990-03-08'),
(10408,'1964-03-17','Martijn','Kaiser',  '1998-10-07'),
(10409,'1958-08-28','Mario','Straney',  '1997-07-09'),
(10410,'1965-01-19','Takahito','Gecsei','1993-10-16'),
(10411,'1956-07-10','Lidong','Klerer','1989-09-02'),
(10412,'1958-02-26','Masoud','Fabrizio','1986-05-06'),
(10413,'1952-05-05','Danel','Impagliazzo','1990-03-26'),
(10414,'1954-04-09','Yinlin','Alpin',  '1990-05-30'),
(10415,'1957-11-12','Mark','Coorg',  '1993-10-25'),
(10416,'1956-05-26','Uli','Keustermans',  '1989-03-24'),
(10417,'1964-02-02','Bingning','Bakhtari',  '1992-03-12'),
(10418,'1952-06-29','Candida','Porotnikoff','1989-04-20'),
(10419,'1964-06-22','Maria','Bauknecht','1992-04-25'),
(10420,'1963-03-03','Kaijung','Riesenhuber',  '1988-01-17'),
(10421,'1959-03-22','Divine','Marzano',  '1989-09-12'),
(10422,'1954-06-02','Greger','Rubsam','1990-12-07'),
(10423,'1956-01-10','Dante','Cronin','1998-09-06'),
(10424,'1959-08-17','Babette','Straney',  '1989-08-07'),
(10425,'1963-10-24','Sashi','Osgood',  '1991-10-29'),
(10426,'1955-12-28','Arunas','Luce','1985-07-06'),
(10427,'1958-08-13','Khosrow','Sudbeck','1991-11-01'),
(10428,'1957-06-25','Cathie','Brlek',  '1992-06-04'),
(10429,'1952-02-13','Martien','Improta','1986-03-09'),
(10430,'1958-06-30','Ferdinand','Chenney',  '1990-11-16'),
(10431,'1961-05-25','Patricio','Bugrara',  '1987-10-08'),
(10432,'1953-11-06','Hisao','Tiemann','1985-04-30'),
(10433,'1954-09-02','Reuven','Dengi',  '1989-02-14'),
(10434,'1959-07-17','Dzung','Peltason','1995-06-27'),
(10435,'1957-10-12','Marsha','Tagansky',  '1986-12-19'),
(10436,'1963-06-17','Yahiko','Lammel',  '1988-01-30'),
(10437,'1956-07-07','Narain','Reeker','1996-04-12'),
(10438,'1961-12-25','Evgueni','Srimani','1990-01-19'),
(10439,'1958-04-09','Jolita','Jarecki',  '1990-01-11'),
(10440,'1959-04-10','Akeel','Narahara','1994-03-31'),
(10441,'1958-04-27','Adel','Perfilyeva',  '1988-07-12'),
(10442,'1955-09-09','Volkmar','Unno',  '1988-03-13'),
(10443,'1952-12-03','Shichao','Litvinov','1989-08-01'),
(10444,'1956-07-29','Kazuhira','Rosis',  '1993-03-31'),
(10445,'1957-01-10','Junichi','Kavanagh','1987-11-04'),
(10446,'1960-02-08','Ebru','Chepyzhov','1994-11-17'),
(10447,'1962-10-24','Ronghao','Yavatkar','1988-12-29'),
(10448,'1963-12-10','Phule','Oxenboll','1992-03-12'),
(10449,'1959-09-28','Aleksandar','Sudkamp',  '1987-03-28'),
(10450,'1959-11-05','Khun','Harbusch',  '1990-01-17'),
(10451,'1952-10-06','Bodh','Ranta','1988-03-12'),
(10452,'1956-11-24','Werner','Hasham',  '1988-09-05'),
(10453,'1953-07-19','Tsvetan','Matzel','1985-04-02'),
(10454,'1961-01-22','Wonhee','Badr',  '1987-04-10'),
(10455,'1963-12-17','Sverrir','Streng','1989-02-14'),
(10456,'1963-01-24','Stepehn','Hardjono','1995-12-25'),
(10457,'1963-11-10','Oddvar','Schlenzig',  '1991-11-23'),
(10458,'1961-01-06','Gina','Engelmann','1988-07-23'),
(10459,'1959-09-30','Ennio','Trogemann',  '1997-06-28'),
(10460,'1963-02-19','Shushma','VanScheik',  '1994-07-01'),
(10461,'1956-10-26','Gal','Karcich',  '1987-08-03'),
(10462,'1956-04-08','Sumali','Schlenzig',  '1996-03-25'),
(10463,'1954-05-20','Ung','Zaiane',  '1987-12-25'),
(10464,'1962-09-04','Mang','Maginnis','1989-10-09'),
(10465,'1963-03-13','Claudi','Shackel',  '1987-09-01'),
(10466,'1954-12-25','Jiakeng','Himler',  '1985-09-29'),
(10467,'1956-01-30','Dipayan','Suomi','1988-07-14'),
(10468,'1960-08-28','Yoshimitsu','Shobatake',  '1991-05-28'),
(10469,'1964-12-22','Munehiko','Ananiadou',  '1985-06-05'),
(10470,'1956-04-12','Peternela','Iwayama',  '1988-06-01'),
(10471,'1963-11-30','Jouko','Yamaashi',  '1990-11-18'),
(10472,'1959-08-20','Salvador','Lodder',  '1996-07-29'),
(10473,'1963-10-13','Przemyslawa','Oskamp',  '1987-10-30'),
(10474,'1962-02-24','Kenton','Garnham','1985-09-28'),
(10475,'1956-12-19','Mario','Rodite',  '1987-01-19'),
(10476,'1965-01-01','Kokou','Iisaka',  '1987-09-20'),
(10477,'1952-12-07','Guoxiang','Trogemann','1989-03-04'),
(10478,'1957-03-08','Maik','Ushiama',  '1992-06-09'),
(10479,'1959-01-27','Duro','Coney','1987-02-28'),
(10480,'1965-01-25','Make','Baba','1988-05-18'),
(10481,'1959-10-18','Yongmao','Pintelas','1988-10-06'),
(10482,'1961-07-17','Goa','Pleszkun','1991-07-20'),
(10483,'1957-03-13','Zhiwei','Anick',  '1992-11-08'),
(10484,'1961-08-30','Nirmal','Varley','1995-10-31'),
(10485,'1961-09-20','Teruyuki','Sundgren',  '1985-10-27'),
(10486,'1952-08-24','Amstein','Kossowski','1987-10-08'),
(10487,'1956-08-23','Perla','Middleton','1992-08-14'),
(10488,'1959-10-17','Mihalis','Heering',  '1994-06-09'),
(10489,'1958-08-24','Elvia','Homond',  '1989-09-10'),
(10490,'1961-09-28','Huiqun','Vuskovic','1992-10-07'),
(10491,'1964-09-09','Garnik','Narahari',  '1990-01-17'),
(10492,'1957-04-03','Lobel','Kumaresan',  '1988-04-24'),
(10493,'1962-01-12','Maris','Haraldson',  '1992-05-16'),
(10494,'1953-12-21','Yakkov','Servieres','1986-01-18'),
(10495,'1961-05-24','Anyuan','Zhiwei','1985-09-29'),
(10496,'1959-04-18','Gretta','Baig',  '1987-02-26'),
(10497,'1953-06-09','Pramod','Rabehasaina',  '1992-01-22'),
(10498,'1964-09-15','Valter','Cappelletti','1988-02-01'),
(10499,'1953-10-04','Maik','Luft','1989-11-23'),
(10500,'1957-04-29','Vojin','Narwekar',  '1996-12-16'),
(10501,'1962-09-09','Susuma','Larfeldt',  '1987-04-20'),
(10502,'1957-10-07','Yonghoan','Marshall',  '1993-03-04'),
(10503,'1952-05-17','Dannz','Pell',  '1991-04-30'),
(10504,'1953-04-07','Xiong','Varker',  '1988-12-03'),
(10505,'1964-02-04','Isamu','Auria',  '1985-07-23'),
(10506,'1958-10-06','Kazuhisa','Kroll','1996-12-01'),
(10507,'1964-02-18','Kasidit','Belinskaya',  '1985-04-26'),
(10508,'1962-06-02','Kotesh','Liedekerke',  '1991-05-01'),
(10509,'1953-10-03','Abdelwaheb','Riesenhuber','1990-02-23'),
(10510,'1960-02-13','Keung','Slobodova','1990-04-20'),
(10511,'1963-06-18','Khoa','Marrevee',  '1992-01-27'),
(10512,'1955-11-16','Udi','Gihr',  '1986-01-12'),
(10513,'1959-07-07','Yuichiro','Schicker','1991-04-02'),
(10514,'1963-04-03','Tomofumi','McClure',  '1992-04-29'),
(10515,'1963-12-15','Raimond','Kirkerud',  '1989-10-28'),
(10516,'1960-02-20','Xiadong','Luga',  '1985-10-19'),
(10517,'1953-06-18','Tiina','Speek',  '1990-12-25'),
(10518,'1963-05-23','Marin','Lanphier',  '1993-09-03'),
(10519,'1955-12-28','Yonghoan','Alencar','1986-03-22'),
(10520,'1964-03-06','Jenwei','Ecklund',  '1994-03-27'),
(10521,'1957-07-31','Kwangsub','Setia',  '1989-05-11'),
(10522,'1955-07-24','Marke','Cesareni','1986-12-12'),
(10523,'1956-05-16','Malu','Skafidas',  '1988-12-28'),
(10524,'1959-05-02','Shigehiro','Cincotta','1985-10-09'),
(10525,'1963-03-29','Yuchang','Lunt',  '1990-07-08'),
(10526,'1963-12-31','Kwangho','Theuretzbacher','1988-02-27'),
(10527,'1964-09-15','Tetsushi','Barvinok','1996-01-25'),
(10528,'1963-05-16','Koichi','Lakshmanan','1991-12-29'),
(10529,'1952-11-21','Ymte','Yetto',  '1992-01-05'),
(10530,'1956-07-19','Boriana','Coors','1987-09-23'),
(10531,'1954-06-11','Oguz','Gimbel','1991-02-20'),
(10532,'1959-08-31','Mary','Wossner','1986-05-18'),
(10533,'1963-06-25','Mohamadou','Smailagic','1986-10-31'),
(10534,'1964-10-23','Dinah','Bahl',  '1989-01-15'),
(10535,'1961-05-19','Shalesh','Stroustrup','1985-02-21'),
(10536,'1964-10-29','Yechiam','Sambasivam','1988-03-25'),
(10537,'1962-06-29','Stella','Benzmuller',  '1996-09-25'),
(10538,'1955-08-18','Przemyslawa','Falby',  '1987-07-23'),
(10539,'1959-05-13','Yucel','Reinhard',  '1990-06-05'),
(10540,'1961-02-24','Martins','Barriga',  '1994-05-03'),
(10541,'1955-11-05','Godehard','Eiter',  '1986-02-28'),
(10542,'1955-01-05','Yannis','Couchot','1989-03-28'),
(10543,'1962-10-06','Lein','Lichtman',  '1998-10-16'),
(10544,'1962-02-01','Ishfaq','Krzyzanowski','1995-04-29'),
(10545,'1963-01-12','Hauke','dAstous',  '1990-06-30'),
(10546,'1957-12-20','Nechama','Schapiro',  '1987-09-06'),
(10547,'1963-05-12','Snehasis','Brobst',  '1988-02-14'),
(10548,'1952-06-12','Ramalingam','Gunderson',  '1986-05-04'),
(10549,'1957-03-20','Beshir','Kisuki',  '1995-10-26'),
(10550,'1959-08-03','Manton','Leuchs',  '1985-02-03'),
(10551,'1963-10-07','Jeong','Rijsenbrij',  '1988-08-06'),
(10552,'1953-03-25','Kazuhito','Shiratori',  '1998-08-18'),
(10553,'1964-02-08','Rajmohan','Wallrath','1985-10-27'),
(10554,'1958-08-01','Dines','Gerlach',  '1990-11-28'),
(10555,'1962-09-25','Vitaly','Picci',  '1989-11-06'),
(10556,'1962-12-31','JoAnna','Taubman','1992-04-15'),
(10557,'1957-08-23','Sashi','Karlin',  '1986-03-31'),
(10558,'1964-10-08','Hisao','Famili',  '1990-04-06'),
(10559,'1956-01-18','Arumugam','Comellas','1988-01-06'),
(10560,'1960-05-01','Yinlin','Esteva','1988-09-28'),
(10561,'1958-09-07','Serge','Joslin','1990-12-15'),
(10562,'1963-04-17','Shuky','Pearson',  '1996-07-06'),
(10563,'1956-10-27','Mohit','Spelt',  '1992-09-29'),
(10564,'1955-04-14','Jianhao','Thisen',  '1986-05-08'),
(10565,'1961-11-05','Yishay','Harnett',  '1992-01-09'),
(10566,'1958-01-30','Jianhui','Zuberek','1988-03-19'),
(10567,'1957-05-21','Dietrich','Journel',  '1992-10-18'),
(10568,'1953-12-02','Gao','Poulakidas','1989-02-14'),
(10569,'1962-12-03','Sreenivas','Bashian',  '1987-03-13'),
(10570,'1958-10-30','Alassane','Morrin',  '1985-05-05'),
(10571,'1963-12-10','Fun','Varman',  '1985-02-24'),
(10572,'1960-10-10','Cordelia','Axelband',  '1988-02-16'),
(10573,'1964-02-23','Tetsushi','Speel','1993-07-07'),
(10574,'1960-11-11','Salvador','Olano','1990-02-16'),
(10575,'1954-06-29','Theirry','Yeung',  '1988-10-04'),
(10576,'1957-08-23','Xiaoqiu','Krychniak',  '1988-05-17'),
(10577,'1957-09-20','Ennio','Schmiedel',  '1990-08-18'),
(10578,'1958-07-18','Shigeaki','Shanbhogue','1989-11-24'),
(10579,'1958-07-17','Aiman','Stentiford',  '1985-09-01'),
(10580,'1956-05-28','Christoper','Rehfuss',  '1987-09-11'),
(10581,'1956-11-20','Odinaldo','Prochazka','1988-02-09'),
(10582,'1960-05-08','Shmuel','Juneja',  '1986-06-22'),
(10583,'1964-03-03','Prasadram','Stille','1985-02-14'),
(10584,'1961-07-12','Mana','Papastamatiou',  '1986-02-17'),
(10585,'1963-11-10','Sajjad','Willoner','1986-01-05'),
(10586,'1954-06-23','Kirk','Vuskovic',  '1992-02-04'),
(10587,'1962-03-04','Behnaam','Srimani','1989-09-20'),
(10588,'1956-07-30','Shigeo','Dulay','1987-01-28'),
(10589,'1958-09-25','Subbu','Sanella',  '1994-01-26'),
(10590,'1963-10-01','Yongqiao','Kalloufi',  '1986-04-09'),
(10591,'1952-12-22','Hidde','Hettesheimer','1987-06-18'),
(10592,'1964-08-01','Almudena','Alvarado',  '1990-06-05'),
(10593,'1952-07-24','Falguni','Kenevan',  '1990-09-12'),
(10594,'1960-10-22','Kiyokazu','Whitcomb',  '1988-04-02'),
(10595,'1964-12-10','Giri','Undy',  '1989-11-24'),
(10596,'1954-01-24','Sanjit','Coors',  '1995-04-01'),
(10597,'1961-05-07','Lucien','Schaad','1990-04-01'),
(10598,'1957-11-10','Margo','Gronowski',  '1989-03-31'),
(10599,'1956-10-15','Seshu','Crelier','1989-03-17'),
(10600,'1963-08-17','Emran','Rettelbach','1985-12-22'),
(10601,'1959-10-23','Barton','Usdin',  '1994-08-29'),
(10602,'1959-11-27','Douadi','Wossner',  '1988-03-12'),
(10603,'1955-08-02','Wayne','Restivo',  '1995-07-20'),
(10604,'1957-04-24','Susanna','Brizzi',  '1990-04-07');

INSERT INTO `departments` VALUES 
('d001','Marketing'),
('d002','Finance'),
('d003','Human Resources'),
('d004','Production'),
('d005','Development'),
('d006','Quality Management'),
('d007','Sales'),
('d008','Research'),
('d009','Customer Service');

INSERT INTO `dept_manager` VALUES 
(10005,'d001','1985-01-01','1991-10-01'),

(10333,'d001','1991-10-01','9999-01-01'),

(10587,'d002','1985-01-01','1989-12-17'),

(10100,'d002','1989-12-17','9999-01-01'),

(10463,'d003','1985-01-01','1992-03-21'),

(10228,'d003','1992-03-21','9999-01-01'),

(10303,'d004','1985-01-01','1988-09-09'),

(10344,'d004','1988-09-09','1992-08-02'),

(10386,'d004','1992-08-02','1996-08-30'),

(10420,'d004','1996-08-30','9999-01-01'),

(10511,'d005','1985-01-01','1992-04-25'),

(10567,'d005','1992-04-25','9999-01-01'),

(10425,'d006','1985-01-01','1989-05-06'),

(10600,'d006','1989-05-06','1991-09-12'),

(10088,'d006','1991-09-12','1994-06-28'),

(10154,'d006','1994-06-28','9999-01-01'),

(10035,'d007','1985-01-01','1991-03-07'),

(10133,'d007','1991-03-07','9999-01-01'),

(10400,'d008','1985-01-01','1991-04-08'),

(10534,'d008','1991-04-08','9999-01-01'),

(10092,'d009','1985-01-01','1988-10-17'),

(10184,'d009','1988-10-17','1992-09-08'),

(10077,'d009','1992-09-08','1996-01-03'),

(10039,'d009','1996-01-03','9999-01-01');
INSERT INTO `dept_emp` VALUES (10001,'d005','1986-06-26','9999-01-01'),
(10002,'d007','1996-08-03','9999-01-01'),
(10003,'d004','1995-12-03','9999-01-01'),
(10004,'d004','1986-12-01','9999-01-01'),
(10005,'d003','1989-09-12','9999-01-01'),
(10006,'d005','1990-08-05','9999-01-01'),
(10007,'d008','1989-02-10','9999-01-01'),
(10008,'d005','1998-03-11','2000-07-31'),
(10009,'d006','1985-02-18','9999-01-01'),
(10010,'d004','1996-11-24','2000-06-26'),
(10010,'d006','2000-06-26','9999-01-01'),
(10011,'d009','1990-01-22','1996-11-09'),
(10012,'d005','1992-12-18','9999-01-01'),
(10013,'d003','1985-10-20','9999-01-01'),
(10014,'d005','1993-12-29','9999-01-01'),
(10015,'d008','1992-09-19','1993-08-22'),
(10016,'d007','1998-02-11','9999-01-01'),
(10017,'d001','1993-08-03','9999-01-01'),
(10018,'d004','1992-07-29','9999-01-01'),
(10018,'d005','1987-04-03','1992-07-29'),
(10019,'d008','1999-04-30','9999-01-01'),
(10020,'d004','1997-12-30','9999-01-01'),
(10021,'d005','1988-02-10','2002-07-15'),
(10022,'d005','1999-09-03','9999-01-01'),
(10023,'d005','1999-09-27','9999-01-01'),
(10024,'d004','1998-06-14','9999-01-01'),
(10025,'d005','1987-08-17','1997-10-15'),
(10026,'d004','1995-03-20','9999-01-01'),
(10027,'d005','1995-04-02','9999-01-01'),
(10028,'d005','1991-10-22','1998-04-06'),
(10029,'d004','1991-09-18','1999-07-08'),
(10029,'d006','1999-07-08','9999-01-01'),
(10030,'d004','1994-02-17','9999-01-01'),
(10031,'d005','1991-09-01','9999-01-01'),
(10032,'d004','1990-06-20','9999-01-01'),
(10033,'d006','1987-03-18','1993-03-24'),
(10034,'d007','1995-04-12','1999-10-31'),
(10035,'d004','1988-09-05','9999-01-01'),
(10036,'d003','1992-04-28','9999-01-01'),
(10037,'d005','1990-12-05','9999-01-01'),
(10038,'d009','1989-09-20','9999-01-01'),
(10039,'d003','1988-01-19','9999-01-01'),
(10040,'d005','1993-02-14','2002-01-22'),
(10040,'d008','2002-01-22','9999-01-01'),
(10041,'d007','1989-11-12','9999-01-01'),
(10042,'d002','1993-03-21','2000-08-10'),
(10043,'d005','1990-10-20','9999-01-01'),
(10044,'d004','1994-05-21','9999-01-01'),
(10045,'d004','1996-11-16','9999-01-01'),
(10046,'d008','1992-06-20','9999-01-01'),
(10047,'d004','1989-03-31','9999-01-01'),
(10048,'d005','1985-02-24','1987-01-27'),
(10049,'d009','1992-05-04','9999-01-01'),
(10050,'d002','1990-12-25','1992-11-05'),
(10050,'d007','1992-11-05','9999-01-01'),
(10051,'d004','1992-10-15','9999-01-01'),
(10052,'d008','1997-01-31','9999-01-01'),
(10053,'d007','1994-11-13','9999-01-01'),
(10054,'d003','1995-07-29','9999-01-01'),
(10055,'d001','1992-04-27','1995-07-22'),
(10056,'d005','1990-02-01','9999-01-01'),
(10057,'d005','1992-01-15','9999-01-01'),
(10058,'d001','1988-04-25','9999-01-01'),
(10059,'d002','1991-06-26','9999-01-01'),
(10060,'d007','1989-05-28','1992-11-11'),
(10060,'d009','1992-11-11','9999-01-01'),
(10061,'d007','1989-12-02','9999-01-01'),
(10062,'d005','1991-08-30','9999-01-01'),
(10063,'d004','1989-04-08','9999-01-01'),
(10064,'d008','1985-11-20','1992-03-02'),
(10065,'d005','1998-05-24','9999-01-01'),
(10066,'d005','1986-02-26','9999-01-01'),
(10067,'d006','1987-03-04','9999-01-01'),
(10068,'d007','1987-08-07','9999-01-01'),
(10069,'d004','1992-06-14','9999-01-01'),
(10070,'d005','1985-10-14','1995-10-18'),
(10070,'d008','1995-10-18','9999-01-01'),
(10071,'d003','1995-08-05','9999-01-01'),
(10072,'d005','1989-05-21','9999-01-01'),
(10073,'d006','1998-02-02','1998-02-22'),
(10074,'d005','1990-08-13','9999-01-01'),
(10075,'d005','1988-05-17','2001-01-15'),
(10076,'d005','1996-07-15','9999-01-01'),
(10077,'d003','1994-12-23','9999-01-01'),
(10078,'d005','1994-09-29','9999-01-01'),
(10079,'d005','1995-12-13','9999-01-01'),
(10080,'d002','1994-09-28','1997-07-09'),
(10080,'d003','1997-07-09','9999-01-01'),
(10081,'d004','1986-10-30','9999-01-01'),
(10082,'d008','1990-01-03','1990-01-15'),
(10083,'d004','1987-03-31','9999-01-01'),
(10084,'d004','1995-12-15','9999-01-01'),
(10085,'d004','1994-04-09','9999-01-01'),
(10086,'d003','1992-02-19','9999-01-01'),
(10087,'d007','1997-05-08','2001-01-09'),
(10088,'d007','1988-09-02','1992-03-21'),
(10088,'d009','1992-03-21','9999-01-01'),
(10089,'d007','1989-01-10','9999-01-01'),
(10090,'d005','1986-03-14','1999-05-07'),
(10091,'d005','1992-11-18','9999-01-01'),
(10092,'d005','1996-04-22','9999-01-01'),
(10093,'d007','1997-06-08','9999-01-01'),
(10094,'d008','1987-04-18','1997-11-08'),
(10095,'d007','1994-03-10','9999-01-01'),
(10096,'d004','1999-01-23','9999-01-01'),
(10097,'d008','1990-09-15','9999-01-01'),
(10098,'d004','1985-05-13','1989-06-29'),
(10098,'d009','1989-06-29','1992-12-11'),
(10099,'d007','1988-10-18','9999-01-01'),
(10100,'d003','1987-09-21','9999-01-01'),
(10101,'d007','1998-10-14','2000-09-23'),
(10102,'d004','1995-01-02','9999-01-01'),
(10103,'d005','1998-01-12','9999-01-01'),
(10104,'d008','1987-04-16','9999-01-01'),
(10105,'d003','1999-05-17','2001-06-11'),
(10106,'d004','1991-10-27','9999-01-01'),
(10107,'d007','1999-03-30','9999-01-01'),
(10108,'d001','1999-12-06','2001-10-20'),
(10108,'d003','1999-03-20','1999-12-06'),
(10109,'d004','1993-06-16','9999-01-01'),
(10110,'d003','1986-08-22','9999-01-01'),
(10111,'d006','1988-12-19','9999-01-01'),
(10112,'d009','1998-05-01','9999-01-01'),
(10113,'d004','1998-09-14','9999-01-01'),
(10114,'d008','1992-07-17','9999-01-01'),
(10115,'d009','1988-03-03','1992-05-24'),
(10116,'d005','1994-02-27','1995-12-03'),
(10116,'d008','1995-12-03','1998-11-01'),
(10117,'d004','1992-03-19','9999-01-01'),
(10118,'d005','1992-02-02','9999-01-01'),
(10119,'d004','1993-12-09','1997-10-30'),
(10120,'d004','1996-07-06','9999-01-01'),
(10121,'d005','1989-05-03','9999-01-01'),
(10122,'d005','1998-08-06','9999-01-01'),
(10123,'d004','1993-01-15','9999-01-01'),
(10124,'d004','1991-09-05','1999-06-06'),
(10124,'d006','1999-06-06','9999-01-01'),
(10125,'d007','1990-10-26','1996-03-25'),
(10126,'d009','1985-09-08','9999-01-01'),
(10127,'d005','1991-05-17','9999-01-01'),
(10128,'d009','1988-06-06','9999-01-01'),
(10129,'d005','1996-01-16','9999-01-01'),
(10130,'d004','1988-06-21','9999-01-01'),
(10131,'d004','1999-09-17','1999-12-06'),
(10132,'d002','1997-06-18','9999-01-01'),
(10133,'d004','1985-12-15','9999-01-01'),
(10134,'d004','1993-12-02','9999-01-01'),
(10134,'d005','1987-12-12','1993-12-02'),
(10135,'d004','1990-01-04','9999-01-01'),
(10136,'d007','1988-06-13','1999-09-20'),
(10137,'d009','1985-02-18','9999-01-01'),
(10138,'d006','1992-03-03','9999-01-01'),
(10139,'d005','1998-03-15','9999-01-01'),
(10140,'d001','1991-03-14','9999-01-01'),
(10141,'d008','1998-07-23','9999-01-01'),
(10142,'d005','1993-10-28','9999-01-01'),
(10143,'d005','1988-09-30','9999-01-01'),
(10144,'d002','1985-10-14','1988-09-02'),
(10144,'d003','1988-09-02','1993-08-10'),
(10145,'d005','1999-11-03','9999-01-01'),
(10146,'d002','1988-06-28','1990-09-07'),
(10147,'d002','1987-12-18','9999-01-01'),
(10148,'d007','1996-07-15','9999-01-01'),
(10149,'d007','1994-01-28','1996-08-27'),
(10150,'d005','1986-11-16','9999-01-01'),
(10151,'d007','1992-12-12','9999-01-01'),
(10152,'d006','1986-01-27','1987-08-03'),
(10153,'d005','2000-01-08','9999-01-01'),
(10154,'d009','1996-10-23','9999-01-01'),
(10155,'d004','1990-07-12','9999-01-01'),
(10155,'d008','1990-01-05','1990-07-12'),
(10156,'d006','1993-05-14','9999-01-01'),
(10157,'d005','1997-12-10','9999-01-01'),
(10158,'d004','1987-06-04','9999-01-01'),
(10159,'d006','1996-06-12','9999-01-01'),
(10160,'d007','1993-12-06','9999-01-01'),
(10161,'d004','1991-06-09','1994-01-05'),
(10162,'d004','1998-05-27','9999-01-01'),
(10163,'d003','1992-02-02','9999-01-01'),
(10164,'d004','1990-10-19','2000-05-31'),
(10164,'d009','2000-05-31','9999-01-01'),
(10165,'d002','1988-05-17','9999-01-01'),
(10166,'d005','1996-09-02','9999-01-01'),
(10167,'d004','1992-04-04','9999-01-01'),
(10168,'d008','1986-12-06','9999-01-01'),
(10169,'d005','1998-06-28','9999-01-01'),
(10170,'d004','1986-01-02','1989-02-06'),
(10171,'d004','1996-08-05','9999-01-01'),
(10172,'d005','1998-02-04','1998-10-01'),
(10172,'d008','1998-10-01','9999-01-01'),
(10173,'d002','1992-03-21','9999-01-01'),
(10174,'d004','1987-06-01','9999-01-01'),
(10175,'d001','1988-09-24','1995-05-24'),
(10176,'d009','1994-12-22','9999-01-01'),
(10177,'d002','1993-02-06','1994-03-17'),
(10178,'d007','1994-03-21','9999-01-01'),
(10179,'d005','2000-01-25','9999-01-01'),
(10180,'d002','1994-07-01','9999-01-01'),
(10181,'d005','1988-06-22','9999-01-01'),
(10182,'d005','1990-09-02','1999-01-05'),
(10182,'d008','1999-01-05','9999-01-01'),
(10183,'d009','1996-08-11','9999-01-01'),
(10184,'d009','1997-12-26','9999-01-01'),
(10185,'d007','1986-03-01','9999-01-01'),
(10186,'d002','1996-12-25','1997-08-16'),
(10187,'d002','1991-06-01','9999-01-01'),
(10188,'d004','1987-08-27','9999-01-01'),
(10189,'d005','1992-09-13','1993-06-29'),
(10190,'d004','1986-06-23','9999-01-01'),
(10191,'d005','1986-04-10','9999-01-01'),
(10192,'d004','1999-08-09','9999-01-01'),
(10192,'d006','1988-06-13','1999-08-09'),
(10193,'d005','1996-09-21','9999-01-01'),
(10194,'d002','1997-02-14','9999-01-01'),
(10195,'d004','1985-02-15','2001-04-14'),
(10196,'d002','1999-01-31','9999-01-01'),
(10197,'d005','1994-06-28','9999-01-01'),
(10198,'d005','1985-08-31','9999-01-01'),
(10199,'d007','1998-02-07','9999-01-01'),
(10200,'d004','1994-02-17','2000-10-03'),
(10200,'d006','2000-10-03','9999-01-01'),
(10201,'d005','1992-11-10','9999-01-01'),
(10202,'d005','1991-10-06','9999-01-01'),
(10203,'d008','1989-04-06','9999-01-01'),
(10204,'d005','1998-12-18','1999-03-08'),
(10205,'d004','1993-08-23','9999-01-01'),
(10206,'d005','1988-04-19','9999-01-01'),
(10207,'d005','1992-10-11','9999-01-01'),
(10208,'d001','1995-02-05','1999-05-15'),
(10209,'d002','1991-11-23','1999-08-07'),
(10209,'d007','1999-08-07','9999-01-01'),
(10210,'d009','1996-02-24','9999-01-01'),
(10211,'d005','1991-11-22','9999-01-01'),
(10212,'d005','1996-01-28','9999-01-01'),
(10213,'d009','1994-10-06','9999-01-01'),
(10214,'d007','1988-02-29','9999-01-01'),
(10215,'d007','1991-11-23','9999-01-01'),
(10216,'d008','1987-10-30','9999-01-01'),
(10217,'d004','1986-05-12','1993-08-05'),
(10218,'d004','1997-01-31','9999-01-01'),
(10219,'d005','1994-10-23','9999-01-01'),
(10219,'d009','1993-03-31','1994-10-23'),
(10220,'d002','1997-09-16','9999-01-01'),
(10221,'d004','1988-06-08','2000-10-04'),
(10222,'d004','1986-06-08','9999-01-01'),
(10223,'d005','1998-04-01','9999-01-01'),
(10224,'d004','1988-01-09','9999-01-01'),
(10225,'d009','1995-12-14','9999-01-01'),
(10226,'d007','1996-01-29','9999-01-01'),
(10227,'d005','1994-11-01','9999-01-01'),
(10228,'d001','1993-01-28','9999-01-01'),
(10228,'d007','1992-12-22','1993-01-28'),
(10229,'d006','1996-02-20','2000-06-30'),
(10230,'d008','1996-06-16','9999-01-01'),
(10231,'d009','1998-09-09','9999-01-01'),
(10232,'d007','1992-06-04','9999-01-01'),
(10233,'d003','1994-04-29','9999-01-01'),
(10234,'d007','1990-11-19','1999-08-06'),
(10235,'d004','1995-04-06','9999-01-01'),
(10236,'d007','1996-08-30','9999-01-01'),
(10237,'d007','1989-08-11','2000-02-21'),
(10238,'d005','1995-03-31','1996-05-25'),
(10238,'d008','1996-05-25','9999-01-01'),
(10239,'d001','1996-05-04','9999-01-01'),
(10240,'d006','1998-10-06','9999-01-01'),
(10241,'d002','1988-06-12','9999-01-01'),
(10242,'d004','1988-01-18','9999-01-01'),
(10243,'d007','1986-06-07','9999-01-01'),
(10244,'d005','1999-09-16','9999-01-01'),
(10245,'d008','1994-04-21','1995-02-20'),
(10246,'d004','1991-02-01','9999-01-01'),
(10247,'d004','1992-08-14','9999-01-01'),
(10248,'d007','1991-08-13','9999-01-01'),
(10249,'d005','1991-12-08','1998-04-13'),
(10249,'d008','1998-04-13','9999-01-01'),
(10250,'d006','1992-08-30','9999-01-01'),
(10251,'d008','1992-06-25','9999-01-01'),
(10252,'d004','1990-11-08','9999-01-01'),
(10253,'d007','1985-02-21','1994-03-20'),
(10254,'d007','1990-06-14','9999-01-01'),
(10255,'d004','1993-05-12','1999-11-14'),
(10256,'d007','1985-10-12','9999-01-01'),
(10257,'d004','1997-07-16','9999-01-01'),
(10258,'d005','1985-05-17','9999-01-01'),
(10259,'d001','1987-07-25','1994-08-15'),
(10259,'d009','1994-08-15','1999-01-06'),
(10260,'d004','1993-02-01','9999-01-01'),
(10261,'d005','1996-09-11','1999-02-23'),
(10262,'d007','1996-01-22','9999-01-01'),
(10263,'d002','1996-12-21','9999-01-01'),
(10264,'d005','1997-07-16','9999-01-01'),
(10265,'d006','1997-09-12','9999-01-01'),
(10266,'d004','1990-05-25','9999-01-01'),
(10267,'d004','1997-04-26','9999-01-01'),
(10268,'d004','1988-04-15','1990-08-17'),
(10268,'d005','1986-12-17','1988-04-15'),
(10269,'d004','1988-07-24','9999-01-01'),
(10270,'d007','1991-09-26','9999-01-01'),
(10271,'d005','1986-05-23','9999-01-01'),
(10272,'d002','1997-10-23','9999-01-01'),
(10273,'d007','1985-11-06','9999-01-01'),
(10274,'d005','1997-02-02','9999-01-01'),
(10275,'d005','1987-09-08','9999-01-01'),
(10276,'d005','1986-10-19','2000-02-04'),
(10277,'d007','1985-06-16','9999-01-01'),
(10278,'d005','1993-07-02','1997-02-14'),
(10279,'d004','1995-04-26','1999-07-11'),
(10279,'d009','1999-07-11','9999-01-01'),
(10280,'d003','1995-01-27','9999-01-01'),
(10281,'d006','1994-12-03','9999-01-01'),
(10282,'d004','1996-05-02','9999-01-01'),
(10283,'d005','1988-05-25','9999-01-01'),
(10284,'d004','1999-07-06','9999-01-01'),
(10285,'d008','1995-05-25','9999-01-01'),
(10286,'d009','1994-12-24','1999-01-24'),
(10287,'d005','1997-09-05','9999-01-01'),
(10287,'d008','1992-12-28','1997-09-05'),
(10288,'d004','1994-08-29','9999-01-01'),
(10289,'d005','1993-03-12','2002-01-31'),
(10290,'d005','1991-09-18','9999-01-01'),
(10291,'d007','1987-03-30','9999-01-01'),
(10292,'d007','1989-06-05','9999-01-01'),
(10293,'d004','1992-12-12','9999-01-01'),
(10294,'d005','1999-01-30','1999-05-04'),
(10295,'d002','1995-06-19','9999-01-01'),
(10296,'d007','1989-09-16','9999-01-01'),
(10297,'d004','1986-05-28','9999-01-01'),
(10298,'d004','2002-05-05','9999-01-01'),
(10298,'d008','1999-04-27','2002-05-05'),
(10299,'d007','1990-01-10','9999-01-01'),
(10300,'d004','1991-05-17','9999-01-01'),
(10301,'d002','1988-05-23','9999-01-01'),
(10302,'d007','1986-07-22','1999-11-09'),
(10303,'d004','1990-02-05','2000-11-15'),
(10304,'d007','1992-11-16','2002-05-08'),
(10305,'d005','1988-10-31','1992-06-02'),
(10306,'d007','1993-09-06','9999-01-01'),
(10307,'d004','1999-10-16','2000-01-21'),
(10307,'d006','2000-01-21','9999-01-01'),
(10308,'d007','1992-12-29','9999-01-01'),
(10309,'d005','1997-05-02','9999-01-01'),
(10310,'d004','1990-10-24','2001-07-26'),
(10311,'d005','1998-11-04','9999-01-01'),
(10312,'d004','1986-08-28','9999-01-01'),
(10313,'d008','1994-10-10','9999-01-01'),
(10314,'d007','1986-01-16','9999-01-01'),
(10315,'d005','1987-08-28','9999-01-01'),
(10316,'d006','1990-12-18','1991-01-02'),
(10317,'d004','2000-07-05','9999-01-01'),
(10317,'d008','1999-01-24','2000-07-05'),
(10318,'d005','1987-03-23','9999-01-01'),
(10319,'d007','1994-06-18','9999-01-01'),
(10320,'d007','1988-11-03','2001-12-23'),
(10321,'d007','1995-07-24','1999-08-14'),
(10322,'d005','1990-01-29','9999-01-01'),
(10323,'d004','1991-06-06','9999-01-01'),
(10324,'d005','1999-07-19','9999-01-01'),
(10325,'d003','1990-09-20','9999-01-01'),
(10326,'d008','1998-09-02','9999-01-01'),
(10327,'d005','1987-09-18','1988-05-10'),
(10327,'d008','1988-05-10','1993-05-22'),
(10328,'d005','1998-07-17','9999-01-01'),
(10329,'d004','1986-01-20','9999-01-01'),
(10330,'d007','1993-10-08','9999-01-01'),
(10331,'d007','1986-10-29','9999-01-01'),
(10332,'d004','1988-10-20','1997-03-07'),
(10333,'d005','1993-01-16','9999-01-01'),
(10334,'d009','1998-02-15','9999-01-01'),
(10335,'d007','1992-04-06','1999-11-07'),
(10335,'d009','1999-11-07','9999-01-01'),
(10336,'d008','1996-09-27','9999-01-01'),
(10337,'d004','1998-04-25','9999-01-01'),
(10338,'d009','1999-12-29','9999-01-01'),
(10339,'d004','1989-11-30','9999-01-01'),
(10340,'d001','1988-03-30','9999-01-01'),
(10341,'d004','1987-04-29','1998-11-11'),
(10342,'d005','1987-07-25','9999-01-01'),
(10343,'d006','1997-10-03','9999-01-01'),
(10344,'d004','1999-04-19','2001-11-11'),
(10344,'d006','2001-11-11','9999-01-01'),
(10345,'d005','1993-11-08','9999-01-01'),
(10346,'d007','1992-01-17','1996-04-20'),
(10347,'d008','1998-02-20','9999-01-01'),
(10348,'d004','1995-10-22','9999-01-01'),
(10349,'d009','1991-09-28','9999-01-01'),
(10350,'d004','1991-05-11','1998-01-16'),
(10351,'d002','1995-05-01','9999-01-01'),
(10352,'d005','1998-12-16','9999-01-01'),
(10353,'d001','1989-08-24','9999-01-01'),
(10354,'d002','1999-03-03','2000-03-03'),
(10354,'d003','2000-03-03','2002-01-01'),
(10355,'d007','1996-01-26','9999-01-01'),
(10356,'d008','1995-06-26','9999-01-01'),
(10357,'d006','1994-04-04','9999-01-01'),
(10358,'d005','1991-02-19','9999-01-01'),
(10359,'d005','1998-07-20','9999-01-01'),
(10360,'d003','1996-09-04','9999-01-01'),
(10361,'d007','1986-10-23','9999-01-01'),
(10362,'d003','1990-11-02','1997-07-16'),
(10363,'d004','1985-09-11','1987-05-18'),
(10363,'d006','1987-05-18','1993-02-12'),
(10364,'d004','1985-11-14','9999-01-01'),
(10365,'d008','1987-10-22','1992-04-04'),
(10366,'d005','1997-08-15','9999-01-01'),
(10367,'d001','1991-06-24','9999-01-01'),
(10368,'d004','1996-05-16','9999-01-01'),
(10369,'d007','1994-09-05','9999-01-01'),
(10370,'d007','1992-04-18','9999-01-01'),
(10371,'d004','1989-11-28','9999-01-01'),
(10372,'d004','1985-07-30','9999-01-01'),
(10373,'d005','1997-04-26','9999-01-01'),
(10374,'d007','1993-12-08','1995-04-25'),
(10374,'d009','1995-04-25','1996-03-29'),
(10375,'d007','1994-05-29','9999-01-01'),
(10376,'d004','1990-12-08','9999-01-01'),
(10377,'d004','1996-08-24','9999-01-01'),
(10378,'d007','1992-08-31','9999-01-01'),
(10379,'d005','1996-07-15','9999-01-01'),
(10380,'d007','1985-03-19','9999-01-01'),
(10381,'d004','1991-12-04','9999-01-01'),
(10382,'d004','1998-07-01','1999-05-07'),
(10382,'d009','1999-05-07','2000-10-27'),
(10383,'d004','1991-06-19','9999-01-01'),
(10384,'d001','1986-01-16','9999-01-01'),
(10385,'d004','1992-12-20','1998-01-23'),
(10386,'d005','1985-08-02','9999-01-01'),
(10387,'d009','1994-01-07','9999-01-01'),
(10388,'d007','1999-05-28','9999-01-01'),
(10389,'d005','1999-05-13','9999-01-01'),
(10390,'d006','1989-05-17','9999-01-01'),
(10391,'d005','1993-01-28','9999-01-01'),
(10392,'d004','1992-03-01','1997-08-09'),
(10392,'d006','1997-08-09','9999-01-01'),
(10393,'d004','1989-06-23','9999-01-01'),
(10394,'d005','1991-03-14','1991-08-25'),
(10395,'d005','1998-08-10','2001-08-13'),
(10396,'d005','1986-01-11','9999-01-01'),
(10397,'d004','1993-05-21','9999-01-01'),
(10398,'d007','1990-10-12','9999-01-01'),
(10399,'d007','2000-01-26','9999-01-01'),
(10400,'d007','1993-10-17','9999-01-01'),
(10401,'d006','1999-10-25','2001-04-25'),
(10402,'d006','1987-01-02','9999-01-01'),
(10403,'d002','1991-09-13','1995-03-07'),
(10403,'d007','1995-03-07','2001-06-15'),
(10404,'d005','1988-08-28','9999-01-01'),
(10405,'d006','1998-09-26','2000-12-05'),
(10406,'d006','1996-01-26','9999-01-01'),
(10407,'d007','1999-10-30','9999-01-01'),
(10408,'d007','1998-10-07','9999-01-01'),
(10409,'d005','1997-09-26','9999-01-01'),
(10410,'d007','1993-10-16','1996-07-21'),
(10411,'d007','1989-09-02','9999-01-01'),
(10412,'d004','1991-11-21','2000-05-19'),
(10412,'d009','2000-05-19','9999-01-01'),
(10413,'d003','1991-12-27','9999-01-01'),
(10414,'d005','1990-05-30','1994-12-02'),
(10415,'d005','1993-10-25','9999-01-01'),
(10416,'d002','1989-03-24','9999-01-01'),
(10417,'d007','1999-06-27','9999-01-01'),
(10418,'d001','1996-10-04','9999-01-01'),
(10419,'d008','1992-04-25','2002-07-06'),
(10420,'d008','1988-01-17','2000-07-09'),
(10421,'d009','1990-04-07','9999-01-01'),
(10422,'d004','1995-01-03','1997-09-30'),
(10422,'d006','1997-09-30','9999-01-01'),
(10423,'d008','1999-05-27','9999-01-01'),
(10424,'d005','1989-08-07','9999-01-01'),
(10425,'d004','1995-05-07','2002-05-06'),
(10426,'d005','1985-07-06','9999-01-01'),
(10427,'d007','1994-10-03','9999-01-01'),
(10428,'d003','1992-06-04','9999-01-01'),
(10429,'d005','1988-09-23','9999-01-01'),
(10430,'d004','1998-07-05','1999-07-17'),
(10430,'d009','1999-07-17','9999-01-01'),
(10431,'d007','1987-10-08','9999-01-01'),
(10432,'d009','1990-08-13','9999-01-01'),
(10433,'d006','1992-11-26','9999-01-01'),
(10434,'d004','1995-06-27','2002-06-22'),
(10435,'d005','1996-06-08','9999-01-01'),
(10436,'d003','1988-01-30','9999-01-01'),
(10437,'d006','1996-04-12','9999-01-01'),
(10438,'d004','1990-01-19','9999-01-01'),
(10439,'d005','1993-05-01','9999-01-01'),
(10440,'d005','1997-04-04','2000-01-30'),
(10440,'d008','2000-01-30','9999-01-01'),
(10441,'d004','1988-07-12','9999-01-01'),
(10442,'d007','1992-02-12','2001-03-13'),
(10443,'d005','1989-08-01','2002-07-06'),
(10444,'d007','1994-10-23','9999-01-01'),
(10445,'d005','1987-11-04','9999-01-01'),
(10446,'d005','1996-12-25','9999-01-01'),
(10447,'d006','1988-12-29','2000-11-15'),
(10448,'d007','1992-03-12','9999-01-01'),
(10449,'d001','1996-03-12','9999-01-01'),
(10449,'d007','1987-03-28','1996-03-12'),
(10450,'d005','1997-08-24','9999-01-01'),
(10451,'d004','1988-03-12','9999-01-01'),
(10452,'d005','1995-11-12','2001-10-11'),
(10453,'d009','1985-04-02','9999-01-01'),
(10454,'d007','1989-04-16','9999-01-01'),
(10455,'d007','1995-02-19','9999-01-01'),
(10456,'d002','2000-01-06','9999-01-01'),
(10457,'d006','1999-10-23','9999-01-01'),
(10458,'d007','1994-07-05','9999-01-01'),
(10459,'d002','1998-06-14','9999-01-01'),
(10459,'d003','1997-06-28','1998-06-14'),
(10460,'d005','1999-06-30','2001-04-15'),
(10461,'d007','1987-08-03','9999-01-01'),
(10462,'d004','1996-03-25','9999-01-01'),
(10463,'d007','1994-02-17','9999-01-01'),
(10464,'d003','1991-05-21','9999-01-01'),
(10465,'d009','1994-12-11','9999-01-01'),
(10466,'d009','1997-08-22','2000-08-15'),
(10467,'d003','1992-05-22','1999-11-01'),
(10468,'d007','1991-05-28','9999-01-01'),
(10469,'d005','1985-06-05','1992-12-26'),
(10469,'d008','1992-12-26','9999-01-01'),
(10470,'d004','1989-09-19','9999-01-01'),
(10471,'d006','1990-11-18','9999-01-01'),
(10472,'d007','1999-12-01','2002-01-02'),
(10473,'d004','1997-09-23','9999-01-01'),
(10474,'d004','1987-02-21','9999-01-01'),
(10475,'d004','1992-05-13','1994-12-30'),
(10476,'d008','1987-09-20','9999-01-01'),
(10477,'d005','1997-05-26','9999-01-01'),
(10478,'d005','1993-02-10','9999-01-01'),
(10478,'d009','1992-06-09','1993-02-10'),
(10479,'d004','1993-07-24','9999-01-01'),
(10480,'d002','1988-05-18','1989-06-03'),
(10481,'d004','1989-10-03','9999-01-01'),
(10482,'d005','1996-02-26','9999-01-01'),
(10483,'d006','1993-11-10','9999-01-01'),
(10484,'d003','1996-12-20','9999-01-01'),
(10485,'d005','1996-01-21','9999-01-01'),
(10486,'d006','1987-10-08','9999-01-01'),
(10487,'d004','1992-08-14','9999-01-01'),
(10488,'d005','1994-07-09','1996-11-18'),
(10488,'d008','1996-11-18','9999-01-01'),
(10489,'d005','1989-09-10','1989-10-06'),
(10490,'d007','1992-11-22','9999-01-01'),
(10491,'d001','1990-01-17','9999-01-01'),
(10492,'d005','1988-04-29','9999-01-01'),
(10493,'d007','1998-10-29','9999-01-01'),
(10494,'d004','1991-12-18','9999-01-01'),
(10495,'d004','1989-09-24','9999-01-01'),
(10496,'d002','1995-08-29','1999-01-26'),
(10497,'d004','1992-01-22','9999-01-01'),
(10498,'d004','1994-03-09','9999-01-01'),
(10499,'d001','1996-07-31','1998-03-16'),
(10499,'d007','1998-03-16','9999-01-01'),
(10500,'d005','1996-12-16','9999-01-01'),
(10501,'d005','1988-09-08','9999-01-01'),
(10502,'d006','1993-03-04','9999-01-01'),
(10503,'d004','1997-03-13','9999-01-01'),
(10504,'d007','1999-10-19','9999-01-01'),
(10505,'d007','1985-07-23','1998-03-26'),
(10506,'d005','1996-12-01','9999-01-01'),
(10507,'d003','1990-09-30','9999-01-01'),
(10508,'d004','1991-05-01','9999-01-01'),
(10509,'d007','1992-10-06','9999-01-01'),
(10510,'d007','1990-04-20','1992-09-21'),
(10510,'d009','1992-09-21','9999-01-01'),
(10511,'d004','1992-01-27','9999-01-01'),
(10512,'d003','1989-11-28','9999-01-01'),
(10513,'d002','1991-04-02','9999-01-01'),
(10514,'d008','1992-04-29','1995-04-02'),
(10515,'d007','1990-01-06','1998-07-21'),
(10516,'d005','1985-10-19','9999-01-01'),
(10517,'d007','1990-12-25','9999-01-01'),
(10518,'d005','1993-09-03','9999-01-01'),
(10519,'d005','1994-02-09','2001-10-13'),
(10519,'d008','1992-12-05','1994-02-09'),
(10520,'d004','1996-09-05','9999-01-01'),
(10521,'d007','1989-05-11','9999-01-01'),
(10522,'d003','1986-12-12','9999-01-01'),
(10523,'d004','1989-12-23','9999-01-01'),
(10524,'d004','1985-10-09','9999-01-01'),
(10525,'d007','1990-07-08','1995-12-20'),
(10526,'d004','1988-02-27','9999-01-01'),
(10527,'d005','1996-01-25','9999-01-01'),
(10528,'d005','1993-10-28','9999-01-01'),
(10529,'d004','1999-06-12','9999-01-01'),
(10529,'d005','1997-07-04','1999-06-12'),
(10530,'d005','1987-09-23','9999-01-01'),
(10531,'d003','1995-03-16','9999-01-01'),
(10532,'d007','1986-05-18','9999-01-01'),
(10533,'d007','1990-08-17','9999-01-01'),
(10534,'d008','1998-01-26','2001-03-03'),
(10535,'d009','1991-08-22','9999-01-01'),
(10536,'d007','1988-10-07','9999-01-01'),
(10537,'d007','1996-09-25','9999-01-01'),
(10538,'d004','1991-09-22','1998-12-13'),
(10538,'d005','1987-07-23','1991-09-22'),
(10539,'d007','1990-06-05','9999-01-01'),
(10540,'d004','1994-05-03','9999-01-01'),
(10541,'d007','1986-02-28','1986-10-01'),
(10542,'d005','1992-02-07','9999-01-01'),
(10543,'d002','1998-11-24','9999-01-01'),
(10544,'d008','1995-04-29','9999-01-01'),
(10545,'d004','1990-06-30','9999-01-01'),
(10546,'d008','1991-04-14','9999-01-01'),
(10547,'d005','1988-02-14','1989-06-19'),
(10548,'d001','1991-10-04','9999-01-01'),
(10548,'d007','1986-07-04','1991-10-04'),
(10549,'d005','1996-10-11','9999-01-01'),
(10550,'d006','1985-02-03','9999-01-01'),
(10551,'d006','1988-08-06','9999-01-01'),
(10552,'d004','1998-08-31','9999-01-01'),
(10553,'d005','1990-07-22','9999-01-01'),
(10554,'d005','1990-11-28','9999-01-01'),
(10555,'d007','1992-05-22','1993-01-19'),
(10556,'d002','1992-04-15','9999-01-01'),
(10557,'d005','1992-09-18','1994-08-25'),
(10557,'d008','1994-08-25','9999-01-01'),
(10558,'d004','1992-04-22','9999-01-01'),
(10559,'d007','1999-04-05','9999-01-01'),
(10560,'d005','1996-09-03','9999-01-01'),
(10561,'d007','1997-06-30','9999-01-01'),
(10562,'d005','1997-07-24','9999-01-01'),
(10563,'d005','1992-09-29','2002-01-01'),
(10564,'d004','1995-11-23','9999-01-01'),
(10565,'d004','1996-08-05','9999-01-01'),
(10566,'d005','1990-08-23','1997-10-26'),
(10567,'d001','1997-02-17','9999-01-01'),
(10567,'d007','1992-10-18','1997-02-17'),
(10568,'d007','1995-07-08','9999-01-01'),
(10569,'d008','1987-03-13','9999-01-01'),
(10570,'d007','1986-06-16','2000-03-25'),
(10571,'d005','1985-02-24','9999-01-01'),
(10572,'d004','1988-02-16','9999-01-01'),
(10573,'d007','1999-08-20','9999-01-01'),
(10574,'d003','1999-11-15','9999-01-01'),
(10575,'d004','1988-10-04','2000-11-22'),
(10576,'d002','1991-01-03','9999-01-01'),
(10577,'d004','2001-08-01','9999-01-01'),
(10577,'d008','1993-07-02','2001-08-01'),
(10578,'d005','1989-11-24','9999-01-01'),
(10579,'d005','1991-06-02','9999-01-01'),
(10580,'d009','1991-03-02','9999-01-01'),
(10581,'d004','1994-04-13','9999-01-01'),
(10582,'d005','1995-11-06','9999-01-01'),
(10583,'d004','1985-02-14','1998-05-29'),
(10584,'d005','1986-02-17','9999-01-01'),
(10585,'d005','1991-01-09','1994-08-24'),
(10585,'d008','1994-08-24','9999-01-01'),
(10586,'d004','1992-02-04','9999-01-01'),
(10587,'d005','1991-11-20','9999-01-01'),
(10588,'d004','1988-07-25','9999-01-01'),
(10589,'d002','1994-01-26','9999-01-01'),
(10590,'d008','1986-04-09','9999-01-01'),
(10591,'d001','1987-06-18','1988-09-20'),
(10592,'d007','1993-09-27','9999-01-01'),
(10593,'d004','2000-03-29','9999-01-01'),
(10593,'d005','1990-09-12','2000-03-29'),
(10594,'d005','1988-04-02','9999-01-01'),
(10595,'d004','1989-11-24','9999-01-01'),
(10596,'d007','1996-05-23','9999-01-01'),
(10597,'d007','1990-04-01','9999-01-01'),
(10598,'d004','1998-06-22','2000-09-27'),
(10599,'d005','1991-11-17','9999-01-01'),
(10600,'d007','1992-04-27','9999-01-01'),
(10601,'d009','1999-07-24','2002-05-09'),
(10602,'d001','1989-04-23','1993-11-06'),
(10603,'d007','1995-07-20','9999-01-01'),
(10604,'d004','2002-07-29','9999-01-01'),
(10604,'d005','1990-04-07','2002-07-29');

INSERT INTO `titles` VALUES (10001,'Senior Engineer','1986-06-26','9999-01-01'),
(10002,'Staff','1996-08-03','9999-01-01'),
(10003,'Senior Engineer','1995-12-03','9999-01-01'),
(10004,'Engineer','1986-12-01','1995-12-01'),
(10004,'Senior Engineer','1995-12-01','9999-01-01'),
(10005,'Senior Staff','1996-09-12','9999-01-01'),
(10005,'Staff','1989-09-12','1996-09-12'),
(10006,'Senior Engineer','1990-08-05','9999-01-01'),
(10007,'Senior Staff','1996-02-11','9999-01-01'),
(10007,'Staff','1989-02-10','1996-02-11'),
(10008,'Assistant Engineer','1998-03-11','2000-07-31'),
(10009,'Assistant Engineer','1985-02-18','1990-02-18'),
(10009,'Engineer','1990-02-18','1995-02-18'),
(10009,'Senior Engineer','1995-02-18','9999-01-01'),
(10010,'Engineer','1996-11-24','9999-01-01'),
(10011,'Staff','1990-01-22','1996-11-09'),
(10012,'Engineer','1992-12-18','2000-12-18'),
(10012,'Senior Engineer','2000-12-18','9999-01-01'),
(10013,'Senior Staff','1985-10-20','9999-01-01'),
(10014,'Engineer','1993-12-29','9999-01-01'),
(10015,'Senior Staff','1992-09-19','1993-08-22'),
(10016,'Staff','1998-02-11','9999-01-01'),
(10017,'Senior Staff','2000-08-03','9999-01-01'),
(10017,'Staff','1993-08-03','2000-08-03'),
(10018,'Engineer','1987-04-03','1995-04-03'),
(10018,'Senior Engineer','1995-04-03','9999-01-01'),
(10019,'Staff','1999-04-30','9999-01-01'),
(10020,'Engineer','1997-12-30','9999-01-01'),
(10021,'Technique Leader','1988-02-10','2002-07-15'),
(10022,'Engineer','1999-09-03','9999-01-01'),
(10023,'Engineer','1999-09-27','9999-01-01'),
(10024,'Assistant Engineer','1998-06-14','9999-01-01'),
(10025,'Technique Leader','1987-08-17','1997-10-15'),
(10026,'Engineer','1995-03-20','2001-03-19'),
(10026,'Senior Engineer','2001-03-19','9999-01-01'),
(10027,'Engineer','1995-04-02','2001-04-01'),
(10027,'Senior Engineer','2001-04-01','9999-01-01'),
(10028,'Engineer','1991-10-22','1998-04-06'),
(10029,'Engineer','1991-09-18','2000-09-17'),
(10029,'Senior Engineer','2000-09-17','9999-01-01'),
(10030,'Engineer','1994-02-17','2001-02-17'),
(10030,'Senior Engineer','2001-02-17','9999-01-01'),
(10031,'Engineer','1991-09-01','1998-09-01'),
(10031,'Senior Engineer','1998-09-01','9999-01-01'),
(10032,'Engineer','1990-06-20','1995-06-20'),
(10032,'Senior Engineer','1995-06-20','9999-01-01'),
(10033,'Technique Leader','1987-03-18','1993-03-24'),
(10034,'Staff','1995-04-12','1999-10-31'),
(10035,'Engineer','1988-09-05','1996-09-05'),
(10035,'Senior Engineer','1996-09-05','9999-01-01'),
(10036,'Senior Staff','1992-04-28','9999-01-01'),
(10037,'Engineer','1990-12-05','1995-12-05'),
(10037,'Senior Engineer','1995-12-05','9999-01-01'),
(10038,'Senior Staff','1996-09-20','9999-01-01'),
(10038,'Staff','1989-09-20','1996-09-20'),
(10039,'Senior Staff','1997-01-18','9999-01-01'),
(10039,'Staff','1988-01-19','1997-01-18'),
(10040,'Engineer','1993-02-14','1999-02-14'),
(10040,'Senior Engineer','1999-02-14','9999-01-01'),
(10041,'Senior Staff','1998-11-12','9999-01-01'),
(10041,'Staff','1989-11-12','1998-11-12'),
(10042,'Senior Staff','2000-03-21','2000-08-10'),
(10042,'Staff','1993-03-21','2000-03-21'),
(10043,'Engineer','1990-10-20','1997-10-20'),
(10043,'Senior Engineer','1997-10-20','9999-01-01'),
(10044,'Technique Leader','1994-05-21','9999-01-01'),
(10045,'Engineer','1996-11-16','9999-01-01'),
(10046,'Senior Staff','2000-06-20','9999-01-01'),
(10046,'Staff','1992-06-20','2000-06-20'),
(10047,'Engineer','1989-03-31','1998-03-31'),
(10047,'Senior Engineer','1998-03-31','9999-01-01'),
(10048,'Engineer','1985-02-24','1987-01-27'),
(10049,'Senior Staff','2000-05-04','9999-01-01'),
(10049,'Staff','1992-05-04','2000-05-04'),
(10050,'Senior Staff','1999-12-25','9999-01-01'),
(10050,'Staff','1990-12-25','1999-12-25'),
(10051,'Engineer','1992-10-15','1998-10-15'),
(10051,'Senior Engineer','1998-10-15','9999-01-01'),
(10052,'Senior Staff','2002-01-31','9999-01-01'),
(10052,'Staff','1997-01-31','2002-01-31'),
(10053,'Senior Staff','1994-11-13','9999-01-01'),
(10054,'Senior Staff','2000-07-28','9999-01-01'),
(10054,'Staff','1995-07-29','2000-07-28'),
(10055,'Staff','1992-04-27','1995-07-22'),
(10056,'Engineer','1990-02-01','1999-02-01'),
(10056,'Senior Engineer','1999-02-01','9999-01-01'),
(10057,'Engineer','1992-01-15','2000-01-15'),
(10057,'Senior Engineer','2000-01-15','9999-01-01'),
(10058,'Senior Staff','1988-04-25','9999-01-01'),
(10059,'Senior Staff','1991-06-26','9999-01-01'),
(10060,'Senior Staff','1996-05-28','9999-01-01'),
(10060,'Staff','1989-05-28','1996-05-28'),
(10061,'Senior Staff','1989-12-02','9999-01-01'),
(10062,'Engineer','1991-08-30','1999-08-30'),
(10062,'Senior Engineer','1999-08-30','9999-01-01'),
(10063,'Senior Engineer','1989-04-08','9999-01-01'),
(10064,'Staff','1985-11-20','1992-03-02'),
(10065,'Engineer','1998-05-24','9999-01-01'),
(10066,'Assistant Engineer','1986-02-26','1992-02-26'),
(10066,'Engineer','1992-02-26','1998-02-25'),
(10066,'Senior Engineer','1998-02-25','9999-01-01'),
(10067,'Engineer','1987-03-04','1996-03-03'),
(10067,'Senior Engineer','1996-03-03','9999-01-01'),
(10068,'Senior Staff','1996-08-06','9999-01-01'),
(10068,'Staff','1987-08-07','1996-08-06'),
(10069,'Technique Leader','1992-06-14','9999-01-01'),
(10070,'Technique Leader','1985-10-14','9999-01-01'),
(10071,'Staff','1995-08-05','9999-01-01'),
(10072,'Engineer','1989-05-21','1995-05-21'),
(10072,'Senior Engineer','1995-05-21','9999-01-01'),
(10073,'Engineer','1998-02-02','1998-02-22'),
(10074,'Technique Leader','1990-08-13','9999-01-01'),
(10075,'Senior Engineer','1988-05-17','2001-01-15'),
(10076,'Senior Engineer','1996-07-15','9999-01-01'),
(10077,'Staff','1994-12-23','9999-01-01'),
(10078,'Engineer','1994-09-29','9999-01-01'),
(10079,'Technique Leader','1995-12-13','9999-01-01'),
(10080,'Senior Staff','2001-09-28','9999-01-01'),
(10080,'Staff','1994-09-28','2001-09-28'),
(10081,'Engineer','1986-10-30','1991-10-30'),
(10081,'Senior Engineer','1991-10-30','9999-01-01'),
(10082,'Staff','1990-01-03','1990-01-15'),
(10083,'Engineer','1987-03-31','1994-03-31'),
(10083,'Senior Engineer','1994-03-31','9999-01-01'),
(10084,'Engineer','1995-12-15','2001-12-14'),
(10084,'Senior Engineer','2001-12-14','9999-01-01'),
(10085,'Senior Engineer','1994-04-09','9999-01-01'),
(10086,'Senior Staff','1999-02-19','9999-01-01'),
(10086,'Staff','1992-02-19','1999-02-19'),
(10087,'Staff','1997-05-08','2001-01-09'),
(10088,'Senior Staff','1993-09-02','9999-01-01'),
(10088,'Staff','1988-09-02','1993-09-02'),
(10089,'Senior Staff','1996-01-11','9999-01-01'),
(10089,'Staff','1989-01-10','1996-01-11'),
(10090,'Senior Engineer','1986-03-14','1999-05-07'),
(10091,'Engineer','1992-11-18','2001-11-18'),
(10091,'Senior Engineer','2001-11-18','9999-01-01'),
(10092,'Engineer','1996-04-22','9999-01-01'),
(10093,'Staff','1997-06-08','9999-01-01'),
(10094,'Senior Staff','1987-04-18','1997-11-08'),
(10095,'Senior Staff','2000-03-09','9999-01-01'),
(10095,'Staff','1994-03-10','2000-03-09'),
(10096,'Engineer','1999-01-23','9999-01-01'),
(10097,'Senior Staff','1996-09-14','9999-01-01'),
(10097,'Staff','1990-09-15','1996-09-14'),
(10098,'Engineer','1985-05-13','1992-05-13'),
(10098,'Senior Engineer','1992-05-13','1992-12-11'),
(10099,'Senior Staff','1995-10-19','9999-01-01'),
(10099,'Staff','1988-10-18','1995-10-19'),
(10100,'Senior Staff','1994-09-21','9999-01-01'),
(10100,'Staff','1987-09-21','1994-09-21'),
(10101,'Staff','1998-10-14','2000-09-23'),
(10102,'Assistant Engineer','1995-01-02','2002-01-02'),
(10102,'Engineer','2002-01-02','9999-01-01'),
(10103,'Engineer','1998-01-12','9999-01-01'),
(10104,'Senior Staff','1987-04-16','9999-01-01'),
(10105,'Staff','1999-05-17','2001-06-11'),
(10106,'Engineer','1991-10-27','1997-10-26'),
(10106,'Senior Engineer','1997-10-26','9999-01-01'),
(10107,'Senior Staff','1999-03-30','9999-01-01'),
(10108,'Staff','1999-03-20','2001-10-20'),
(10109,'Engineer','1993-06-16','2001-06-16'),
(10109,'Senior Engineer','2001-06-16','9999-01-01'),
(10110,'Senior Staff','1992-08-21','9999-01-01'),
(10110,'Staff','1986-08-22','1992-08-21'),
(10111,'Engineer','1988-12-19','1996-12-19'),
(10111,'Senior Engineer','1996-12-19','9999-01-01'),
(10112,'Staff','1998-05-01','9999-01-01'),
(10113,'Engineer','1998-09-14','9999-01-01'),
(10114,'Senior Staff','1999-07-18','9999-01-01'),
(10114,'Staff','1992-07-17','1999-07-18'),
(10115,'Staff','1988-03-03','1992-05-24'),
(10116,'Senior Engineer','1994-02-27','1998-11-01'),
(10117,'Senior Engineer','1992-03-19','9999-01-01'),
(10118,'Senior Engineer','1992-02-02','9999-01-01'),
(10119,'Engineer','1993-12-09','1997-10-30'),
(10120,'Engineer','1996-07-06','9999-01-01'),
(10121,'Engineer','1989-05-03','1996-05-03'),
(10121,'Senior Engineer','1996-05-03','9999-01-01'),
(10122,'Technique Leader','1998-08-06','9999-01-01'),
(10123,'Assistant Engineer','1993-01-15','1999-01-15'),
(10123,'Engineer','1999-01-15','9999-01-01'),
(10124,'Engineer','1991-09-05','1998-09-05'),
(10124,'Senior Engineer','1998-09-05','9999-01-01'),
(10125,'Staff','1990-10-26','1996-03-25'),
(10126,'Senior Staff','1991-09-08','9999-01-01'),
(10126,'Staff','1985-09-08','1991-09-08'),
(10127,'Senior Engineer','1991-05-17','9999-01-01'),
(10128,'Senior Staff','1995-06-07','9999-01-01'),
(10128,'Staff','1988-06-06','1995-06-07'),
(10129,'Technique Leader','1996-01-16','9999-01-01'),
(10130,'Senior Engineer','1988-06-21','9999-01-01'),
(10131,'Engineer','1999-09-17','1999-12-06'),
(10132,'Staff','1997-06-18','9999-01-01'),
(10133,'Engineer','1985-12-15','1991-12-15'),
(10133,'Senior Engineer','1991-12-15','9999-01-01'),
(10134,'Engineer','1987-12-12','1994-12-12'),
(10134,'Senior Engineer','1994-12-12','9999-01-01'),
(10135,'Assistant Engineer','1990-01-04','1999-01-04'),
(10135,'Engineer','1999-01-04','9999-01-01'),
(10136,'Senior Staff','1997-06-13','1999-09-20'),
(10136,'Staff','1988-06-13','1997-06-13'),
(10137,'Senior Staff','1994-02-18','9999-01-01'),
(10137,'Staff','1985-02-18','1994-02-18'),
(10138,'Engineer','1992-03-03','2001-03-03'),
(10138,'Senior Engineer','2001-03-03','9999-01-01'),
(10139,'Engineer','1998-03-15','9999-01-01'),
(10140,'Senior Staff','1998-03-14','9999-01-01'),
(10140,'Staff','1991-03-14','1998-03-14'),
(10141,'Senior Staff','1998-07-23','9999-01-01'),
(10142,'Engineer','1993-10-28','2001-10-28'),
(10142,'Senior Engineer','2001-10-28','9999-01-01'),
(10143,'Engineer','1988-09-30','1993-09-30'),
(10143,'Senior Engineer','1993-09-30','9999-01-01'),
(10144,'Senior Staff','1992-10-14','1993-08-10'),
(10144,'Staff','1985-10-14','1992-10-14'),
(10145,'Engineer','1999-11-03','9999-01-01'),
(10146,'Staff','1988-06-28','1990-09-07'),
(10147,'Senior Staff','1995-12-18','9999-01-01'),
(10147,'Staff','1987-12-18','1995-12-18'),
(10148,'Staff','1996-07-15','9999-01-01'),
(10149,'Staff','1994-01-28','1996-08-27'),
(10150,'Engineer','1986-11-16','1995-11-16'),
(10150,'Senior Engineer','1995-11-16','9999-01-01'),
(10151,'Senior Staff','1997-12-12','9999-01-01'),
(10151,'Staff','1992-12-12','1997-12-12'),
(10152,'Engineer','1986-01-27','1987-08-03'),
(10153,'Assistant Engineer','2000-01-08','9999-01-01'),
(10154,'Staff','1996-10-23','9999-01-01'),
(10155,'Senior Staff','1996-01-05','9999-01-01'),
(10155,'Staff','1990-01-05','1996-01-05'),
(10156,'Engineer','1993-05-14','2001-05-14'),
(10156,'Senior Engineer','2001-05-14','9999-01-01'),
(10157,'Senior Engineer','1997-12-10','9999-01-01'),
(10158,'Engineer','1987-06-04','1996-06-03'),
(10158,'Senior Engineer','1996-06-03','9999-01-01'),
(10159,'Senior Engineer','1996-06-12','9999-01-01'),
(10160,'Senior Staff','2000-12-06','9999-01-01'),
(10160,'Staff','1993-12-06','2000-12-06'),
(10161,'Engineer','1991-06-09','1994-01-05'),
(10162,'Engineer','1998-05-27','9999-01-01'),
(10163,'Senior Staff','1992-02-02','9999-01-01'),
(10164,'Engineer','1990-10-19','1999-10-19'),
(10164,'Senior Engineer','1999-10-19','9999-01-01'),
(10165,'Senior Staff','1988-05-17','9999-01-01'),
(10166,'Engineer','1996-09-02','9999-01-01'),
(10167,'Engineer','1992-04-04','2001-04-04'),
(10167,'Senior Engineer','2001-04-04','9999-01-01'),
(10168,'Senior Staff','1995-12-06','9999-01-01'),
(10168,'Staff','1986-12-06','1995-12-06'),
(10169,'Engineer','1998-06-28','9999-01-01'),
(10170,'Engineer','1986-01-02','1989-02-06'),
(10171,'Technique Leader','1996-08-05','9999-01-01'),
(10172,'Engineer','1998-02-04','9999-01-01'),
(10173,'Senior Staff','1999-03-22','9999-01-01'),
(10173,'Staff','1992-03-21','1999-03-22'),
(10174,'Engineer','1987-06-01','1995-06-01'),
(10174,'Senior Engineer','1995-06-01','9999-01-01'),
(10175,'Staff','1988-09-24','1995-05-24'),
(10176,'Senior Staff','1999-12-22','9999-01-01'),
(10176,'Staff','1994-12-22','1999-12-22'),
(10177,'Staff','1993-02-06','1994-03-17'),
(10178,'Staff','1994-03-21','9999-01-01'),
(10179,'Engineer','2000-01-25','9999-01-01'),
(10180,'Senior Staff','2002-07-01','9999-01-01'),
(10180,'Staff','1994-07-01','2002-07-01'),
(10181,'Senior Engineer','1988-06-22','9999-01-01'),
(10182,'Engineer','1990-09-02','1995-09-02'),
(10182,'Senior Engineer','1995-09-02','9999-01-01'),
(10183,'Staff','1996-08-11','9999-01-01'),
(10184,'Staff','1997-12-26','9999-01-01'),
(10185,'Senior Staff','1992-02-29','9999-01-01'),
(10185,'Staff','1986-03-01','1992-02-29'),
(10186,'Staff','1996-12-25','1997-08-16'),
(10187,'Senior Staff','2000-05-31','9999-01-01'),
(10187,'Staff','1991-06-01','2000-05-31'),
(10188,'Senior Engineer','1987-08-27','9999-01-01'),
(10189,'Engineer','1992-09-13','1993-06-29'),
(10190,'Engineer','1986-06-23','1994-06-23'),
(10190,'Senior Engineer','1994-06-23','9999-01-01'),
(10191,'Senior Engineer','1986-04-10','9999-01-01'),
(10192,'Engineer','1988-06-13','1993-06-13'),
(10192,'Senior Engineer','1993-06-13','9999-01-01'),
(10193,'Engineer','1996-09-21','9999-01-01'),
(10194,'Senior Staff','2002-02-14','9999-01-01'),
(10194,'Staff','1997-02-14','2002-02-14'),
(10195,'Engineer','1985-02-15','1991-02-15'),
(10195,'Senior Engineer','1991-02-15','2001-04-14'),
(10196,'Staff','1999-01-31','9999-01-01'),
(10197,'Engineer','1994-06-28','2001-06-28'),
(10197,'Senior Engineer','2001-06-28','9999-01-01'),
(10198,'Engineer','1985-08-31','1993-08-31'),
(10198,'Senior Engineer','1993-08-31','9999-01-01'),
(10199,'Staff','1998-02-07','9999-01-01'),
(10200,'Engineer','1994-02-17','2000-02-17'),
(10200,'Senior Engineer','2000-02-17','9999-01-01'),
(10201,'Engineer','1992-11-10','1998-11-10'),
(10201,'Senior Engineer','1998-11-10','9999-01-01'),
(10202,'Engineer','1991-10-06','2000-10-05'),
(10202,'Senior Engineer','2000-10-05','9999-01-01'),
(10203,'Senior Staff','1995-04-06','9999-01-01'),
(10203,'Staff','1989-04-06','1995-04-06'),
(10204,'Engineer','1998-12-18','1999-03-08'),
(10205,'Senior Engineer','1993-08-23','9999-01-01'),
(10206,'Technique Leader','1988-04-19','9999-01-01'),
(10207,'Engineer','1992-10-11','1997-10-11'),
(10207,'Senior Engineer','1997-10-11','9999-01-01'),
(10208,'Staff','1995-02-05','1999-05-15'),
(10209,'Senior Staff','1997-11-22','9999-01-01'),
(10209,'Staff','1991-11-23','1997-11-22'),
(10210,'Senior Staff','2002-02-23','9999-01-01'),
(10210,'Staff','1996-02-24','2002-02-23'),
(10211,'Engineer','1991-11-22','1996-11-21'),
(10211,'Senior Engineer','1996-11-21','9999-01-01'),
(10212,'Engineer','1996-01-28','2001-01-27'),
(10212,'Senior Engineer','2001-01-27','9999-01-01'),
(10213,'Staff','1994-10-06','9999-01-01'),
(10214,'Senior Staff','1988-02-29','9999-01-01'),
(10215,'Senior Staff','1991-11-23','9999-01-01'),
(10216,'Senior Staff','1993-10-29','9999-01-01'),
(10216,'Staff','1987-10-30','1993-10-29'),
(10217,'Technique Leader','1986-05-12','1993-08-05'),
(10218,'Senior Engineer','1997-01-31','9999-01-01'),
(10219,'Senior Staff','1993-03-31','9999-01-01'),
(10220,'Staff','1997-09-16','9999-01-01'),
(10221,'Engineer','1988-06-08','1997-06-08'),
(10221,'Senior Engineer','1997-06-08','2000-10-04'),
(10222,'Assistant Engineer','1986-06-08','1995-06-08'),
(10222,'Engineer','1995-06-08','9999-01-01'),
(10223,'Engineer','1998-04-01','9999-01-01'),
(10224,'Engineer','1988-01-09','1996-01-09'),
(10224,'Senior Engineer','1996-01-09','9999-01-01'),
(10225,'Staff','1995-12-14','9999-01-01'),
(10226,'Staff','1996-01-29','9999-01-01'),
(10227,'Technique Leader','1994-11-01','9999-01-01'),
(10228,'Senior Staff','1998-12-22','9999-01-01'),
(10228,'Staff','1992-12-22','1998-12-22'),
(10229,'Engineer','1996-02-20','2000-06-30'),
(10230,'Senior Staff','2002-06-16','9999-01-01'),
(10230,'Staff','1996-06-16','2002-06-16'),
(10231,'Staff','1998-09-09','9999-01-01'),
(10232,'Senior Staff','1998-06-04','9999-01-01'),
(10232,'Staff','1992-06-04','1998-06-04'),
(10233,'Senior Staff','2000-04-28','9999-01-01'),
(10233,'Staff','1994-04-29','2000-04-28'),
(10234,'Senior Staff','1995-11-19','1999-08-06'),
(10234,'Staff','1990-11-19','1995-11-19'),
(10235,'Senior Engineer','1995-04-06','9999-01-01'),
(10236,'Staff','1996-08-30','9999-01-01'),
(10237,'Senior Staff','1997-08-11','2000-02-21'),
(10237,'Staff','1989-08-11','1997-08-11'),
(10238,'Engineer','1995-03-31','9999-01-01'),
(10239,'Staff','1996-05-04','9999-01-01'),
(10240,'Engineer','1998-10-06','9999-01-01'),
(10241,'Senior Staff','1995-06-13','9999-01-01'),
(10241,'Staff','1988-06-12','1995-06-13'),
(10242,'Engineer','1988-01-18','1995-01-18'),
(10242,'Senior Engineer','1995-01-18','9999-01-01'),
(10243,'Senior Staff','1986-06-07','9999-01-01'),
(10244,'Engineer','1999-09-16','9999-01-01'),
(10245,'Staff','1994-04-21','1995-02-20'),
(10246,'Senior Engineer','1991-02-01','9999-01-01'),
(10247,'Engineer','1992-08-14','1998-08-14'),
(10247,'Senior Engineer','1998-08-14','9999-01-01'),
(10248,'Senior Staff','1997-08-12','9999-01-01'),
(10248,'Staff','1991-08-13','1997-08-12'),
(10249,'Engineer','1991-12-08','2000-12-07'),
(10249,'Senior Engineer','2000-12-07','9999-01-01'),
(10250,'Engineer','1992-08-30','2001-08-30'),
(10250,'Senior Engineer','2001-08-30','9999-01-01'),
(10251,'Senior Staff','2001-06-25','9999-01-01'),
(10251,'Staff','1992-06-25','2001-06-25'),
(10252,'Engineer','1990-11-08','1998-11-08'),
(10252,'Senior Engineer','1998-11-08','9999-01-01'),
(10253,'Senior Staff','1993-02-21','1994-03-20'),
(10253,'Staff','1985-02-21','1993-02-21'),
(10254,'Senior Staff','1998-06-14','9999-01-01'),
(10254,'Staff','1990-06-14','1998-06-14'),
(10255,'Engineer','1993-05-12','1999-05-12'),
(10255,'Senior Engineer','1999-05-12','1999-11-14'),
(10256,'Senior Staff','1990-10-12','9999-01-01'),
(10256,'Staff','1985-10-12','1990-10-12'),
(10257,'Technique Leader','1997-07-16','9999-01-01'),
(10258,'Assistant Engineer','1985-05-17','1991-05-17'),
(10258,'Engineer','1991-05-17','1997-05-16'),
(10258,'Senior Engineer','1997-05-16','9999-01-01'),
(10259,'Senior Staff','1993-07-24','1999-01-06'),
(10259,'Staff','1987-07-25','1993-07-24'),
(10260,'Engineer','1993-02-01','2002-02-01'),
(10260,'Senior Engineer','2002-02-01','9999-01-01'),
(10261,'Senior Engineer','1996-09-11','1999-02-23'),
(10262,'Staff','1996-01-22','9999-01-01'),
(10263,'Staff','1996-12-21','9999-01-01'),
(10264,'Engineer','1997-07-16','9999-01-01'),
(10265,'Senior Engineer','1997-09-12','9999-01-01'),
(10266,'Senior Engineer','1990-05-25','9999-01-01'),
(10267,'Engineer','1997-04-26','9999-01-01'),
(10268,'Engineer','1986-12-17','1990-08-17'),
(10269,'Engineer','1988-07-24','1996-07-24'),
(10269,'Senior Engineer','1996-07-24','9999-01-01'),
(10270,'Senior Staff','1999-09-26','9999-01-01'),
(10270,'Staff','1991-09-26','1999-09-26'),
(10271,'Engineer','1986-05-23','1992-05-22'),
(10271,'Senior Engineer','1992-05-22','9999-01-01'),
(10272,'Staff','1997-10-23','9999-01-01'),
(10273,'Senior Staff','1991-11-06','9999-01-01'),
(10273,'Staff','1985-11-06','1991-11-06'),
(10274,'Engineer','1997-02-02','9999-01-01'),
(10275,'Senior Engineer','1987-09-08','9999-01-01'),
(10276,'Engineer','1986-10-19','1993-10-19'),
(10276,'Senior Engineer','1993-10-19','2000-02-04'),
(10277,'Senior Staff','1991-06-16','9999-01-01'),
(10277,'Staff','1985-06-16','1991-06-16'),
(10278,'Engineer','1993-07-02','1997-02-14'),
(10279,'Engineer','1995-04-26','9999-01-01'),
(10280,'Staff','1995-01-27','9999-01-01'),
(10281,'Engineer','1994-12-03','2000-12-02'),
(10281,'Senior Engineer','2000-12-02','9999-01-01'),
(10282,'Assistant Engineer','1996-05-02','2001-05-02'),
(10282,'Engineer','2001-05-02','9999-01-01'),
(10283,'Engineer','1988-05-25','1995-05-26'),
(10283,'Senior Engineer','1995-05-26','9999-01-01'),
(10284,'Engineer','1999-07-06','9999-01-01'),
(10285,'Staff','1995-05-25','9999-01-01'),
(10286,'Staff','1994-12-24','1999-01-24'),
(10287,'Senior Staff','2000-12-28','9999-01-01'),
(10287,'Staff','1992-12-28','2000-12-28'),
(10288,'Technique Leader','1994-08-29','9999-01-01'),
(10289,'Technique Leader','1993-03-12','2002-01-31'),
(10290,'Engineer','1991-09-18','1997-09-17'),
(10290,'Senior Engineer','1997-09-17','9999-01-01'),
(10291,'Senior Staff','1994-03-30','9999-01-01'),
(10291,'Staff','1987-03-30','1994-03-30'),
(10292,'Senior Staff','1997-06-05','9999-01-01'),
(10292,'Staff','1989-06-05','1997-06-05'),
(10293,'Engineer','1992-12-12','2001-12-12'),
(10293,'Senior Engineer','2001-12-12','9999-01-01'),
(10294,'Senior Engineer','1999-01-30','1999-05-04'),
(10295,'Senior Staff','2000-06-18','9999-01-01'),
(10295,'Staff','1995-06-19','2000-06-18'),
(10296,'Senior Staff','1994-09-16','9999-01-01'),
(10296,'Staff','1989-09-16','1994-09-16'),
(10297,'Engineer','1986-05-28','1995-05-28'),
(10297,'Senior Engineer','1995-05-28','9999-01-01'),
(10298,'Staff','1999-04-27','9999-01-01'),
(10299,'Senior Staff','1997-01-10','9999-01-01'),
(10299,'Staff','1990-01-10','1997-01-10'),
(10300,'Engineer','1991-05-17','1996-05-16'),
(10300,'Senior Engineer','1996-05-16','9999-01-01'),
(10301,'Senior Staff','1995-05-24','9999-01-01'),
(10301,'Staff','1988-05-23','1995-05-24'),
(10302,'Senior Staff','1994-07-22','1999-11-09'),
(10302,'Staff','1986-07-22','1994-07-22'),
(10303,'Senior Engineer','1990-02-05','2000-11-15'),
(10304,'Senior Staff','1997-11-16','2002-05-08'),
(10304,'Staff','1992-11-16','1997-11-16'),
(10305,'Engineer','1988-10-31','1992-06-02'),
(10306,'Staff','1993-09-06','9999-01-01'),
(10307,'Engineer','1999-10-16','9999-01-01'),
(10308,'Senior Staff','2001-12-29','9999-01-01'),
(10308,'Staff','1992-12-29','2001-12-29'),
(10309,'Assistant Engineer','1997-05-02','9999-01-01'),
(10310,'Senior Engineer','1990-10-24','2001-07-26'),
(10311,'Engineer','1998-11-04','9999-01-01'),
(10312,'Senior Engineer','1986-08-28','9999-01-01'),
(10313,'Staff','1994-10-10','9999-01-01'),
(10314,'Senior Staff','1994-01-16','9999-01-01'),
(10314,'Staff','1986-01-16','1994-01-16'),
(10315,'Engineer','1987-08-28','1994-08-28'),
(10315,'Senior Engineer','1994-08-28','9999-01-01'),
(10316,'Engineer','1990-12-18','1991-01-02'),
(10317,'Staff','1999-01-24','9999-01-01'),
(10318,'Engineer','1987-03-23','1995-03-23'),
(10318,'Senior Engineer','1995-03-23','9999-01-01'),
(10319,'Senior Staff','1999-06-18','9999-01-01'),
(10319,'Staff','1994-06-18','1999-06-18'),
(10320,'Senior Staff','1996-11-03','2001-12-23'),
(10320,'Staff','1988-11-03','1996-11-03'),
(10321,'Staff','1995-07-24','1999-08-14'),
(10322,'Engineer','1990-01-29','1997-01-29'),
(10322,'Senior Engineer','1997-01-29','9999-01-01'),
(10323,'Engineer','1991-06-06','2000-06-05'),
(10323,'Senior Engineer','2000-06-05','9999-01-01'),
(10324,'Engineer','1999-07-19','9999-01-01'),
(10325,'Senior Staff','1990-09-20','9999-01-01'),
(10326,'Staff','1998-09-02','9999-01-01'),
(10327,'Engineer','1987-09-18','1993-05-22'),
(10328,'Engineer','1998-07-17','9999-01-01'),
(10329,'Technique Leader','1986-01-20','9999-01-01'),
(10330,'Staff','1993-10-08','9999-01-01'),
(10331,'Senior Staff','1991-10-29','9999-01-01'),
(10331,'Staff','1986-10-29','1991-10-29'),
(10332,'Engineer','1988-10-20','1994-10-20'),
(10332,'Senior Engineer','1994-10-20','1997-03-07'),
(10333,'Engineer','1993-01-16','1998-01-16'),
(10333,'Senior Engineer','1998-01-16','9999-01-01'),
(10334,'Staff','1998-02-15','9999-01-01'),
(10335,'Senior Staff','1992-04-06','9999-01-01'),
(10336,'Staff','1996-09-27','9999-01-01'),
(10337,'Assistant Engineer','1998-04-25','9999-01-01'),
(10338,'Staff','1999-12-29','9999-01-01'),
(10339,'Engineer','1989-11-30','1997-11-30'),
(10339,'Senior Engineer','1997-11-30','9999-01-01'),
(10340,'Senior Staff','1993-03-30','9999-01-01'),
(10340,'Staff','1988-03-30','1993-03-30'),
(10341,'Technique Leader','1987-04-29','1998-11-11'),
(10342,'Engineer','1987-07-25','1993-07-24'),
(10342,'Senior Engineer','1993-07-24','9999-01-01'),
(10343,'Senior Engineer','1997-10-03','9999-01-01'),
(10344,'Assistant Engineer','1999-04-19','9999-01-01'),
(10345,'Engineer','1993-11-08','1998-11-08'),
(10345,'Senior Engineer','1998-11-08','9999-01-01'),
(10346,'Staff','1992-01-17','1996-04-20'),
(10347,'Staff','1998-02-20','9999-01-01'),
(10348,'Technique Leader','1995-10-22','9999-01-01'),
(10349,'Senior Staff','1997-09-27','9999-01-01'),
(10349,'Staff','1991-09-28','1997-09-27'),
(10350,'Assistant Engineer','1991-05-11','1997-05-10'),
(10350,'Engineer','1997-05-10','1998-01-16'),
(10351,'Staff','1995-05-01','9999-01-01'),
(10352,'Engineer','1998-12-16','9999-01-01'),
(10353,'Senior Staff','1989-08-24','9999-01-01'),
(10354,'Senior Staff','1999-03-03','2002-01-01'),
(10355,'Staff','1996-01-26','9999-01-01'),
(10356,'Senior Staff','1995-06-26','9999-01-01'),
(10357,'Engineer','1994-04-04','1999-04-03'),
(10357,'Senior Engineer','1999-04-03','9999-01-01'),
(10358,'Technique Leader','1991-02-19','9999-01-01'),
(10359,'Engineer','1998-07-20','9999-01-01'),
(10360,'Staff','1996-09-04','9999-01-01'),
(10361,'Senior Staff','1991-10-23','9999-01-01'),
(10361,'Staff','1986-10-23','1991-10-23'),
(10362,'Senior Staff','1990-11-02','1997-07-16'),
(10363,'Assistant Engineer','1985-09-11','1993-02-12'),
(10364,'Senior Engineer','1985-11-14','9999-01-01'),
(10365,'Staff','1987-10-22','1992-04-04'),
(10366,'Engineer','1997-08-15','9999-01-01'),
(10367,'Senior Staff','2000-06-23','9999-01-01'),
(10367,'Staff','1991-06-24','2000-06-23'),
(10368,'Assistant Engineer','1996-05-16','9999-01-01'),
(10369,'Staff','1994-09-05','9999-01-01'),
(10370,'Senior Staff','1998-04-18','9999-01-01'),
(10370,'Staff','1992-04-18','1998-04-18'),
(10371,'Assistant Engineer','1989-11-28','1998-11-28'),
(10371,'Engineer','1998-11-28','9999-01-01'),
(10372,'Technique Leader','1985-07-30','9999-01-01'),
(10373,'Engineer','1997-04-26','9999-01-01'),
(10374,'Staff','1993-12-08','1996-03-29'),
(10375,'Senior Staff','2001-05-29','9999-01-01'),
(10375,'Staff','1994-05-29','2001-05-29'),
(10376,'Technique Leader','1990-12-08','9999-01-01'),
(10377,'Senior Engineer','1996-08-24','9999-01-01'),
(10378,'Senior Staff','1992-08-31','9999-01-01'),
(10379,'Engineer','1996-07-15','9999-01-01'),
(10380,'Senior Staff','1994-03-19','9999-01-01'),
(10380,'Staff','1985-03-19','1994-03-19'),
(10381,'Assistant Engineer','1991-12-04','2000-12-03'),
(10381,'Engineer','2000-12-03','9999-01-01'),
(10382,'Engineer','1998-07-01','2000-10-27'),
(10383,'Engineer','1991-06-19','1997-06-18'),
(10383,'Senior Engineer','1997-06-18','9999-01-01'),
(10384,'Senior Staff','1991-01-16','9999-01-01'),
(10384,'Staff','1986-01-16','1991-01-16'),
(10385,'Engineer','1992-12-20','1998-01-23'),
(10386,'Engineer','1985-08-02','1994-08-02'),
(10386,'Senior Engineer','1994-08-02','9999-01-01'),
(10387,'Senior Staff','1999-01-07','9999-01-01'),
(10387,'Staff','1994-01-07','1999-01-07'),
(10388,'Staff','1999-05-28','9999-01-01'),
(10389,'Technique Leader','1999-05-13','9999-01-01'),
(10390,'Technique Leader','1989-05-17','9999-01-01'),
(10391,'Assistant Engineer','1993-01-28','2001-01-28'),
(10391,'Engineer','2001-01-28','9999-01-01'),
(10392,'Engineer','1992-03-01','1998-03-01'),
(10392,'Senior Engineer','1998-03-01','9999-01-01'),
(10393,'Engineer','1989-06-23','1995-06-23'),
(10393,'Senior Engineer','1995-06-23','9999-01-01'),
(10394,'Engineer','1991-03-14','1991-08-25'),
(10395,'Engineer','1998-08-10','2001-08-13'),
(10396,'Senior Engineer','1986-01-11','9999-01-01'),
(10397,'Technique Leader','1993-05-21','9999-01-01'),
(10398,'Senior Staff','1990-10-12','9999-01-01'),
(10399,'Staff','2000-01-26','9999-01-01'),
(10400,'Senior Staff','1993-10-17','9999-01-01'),
(10401,'Engineer','1999-10-25','2001-04-25'),
(10402,'Technique Leader','1987-01-02','9999-01-01'),
(10403,'Senior Staff','2000-09-12','2001-06-15'),
(10403,'Staff','1991-09-13','2000-09-12'),
(10404,'Engineer','1988-08-28','1996-08-28'),
(10404,'Senior Engineer','1996-08-28','9999-01-01'),
(10405,'Assistant Engineer','1998-09-26','2000-12-05'),
(10406,'Engineer','1996-01-26','9999-01-01'),
(10407,'Senior Staff','1999-10-30','9999-01-01'),
(10408,'Staff','1998-10-07','9999-01-01'),
(10409,'Engineer','1997-09-26','9999-01-01'),
(10410,'Staff','1993-10-16','1996-07-21'),
(10411,'Senior Staff','1994-09-02','9999-01-01'),
(10411,'Staff','1989-09-02','1994-09-02'),
(10412,'Engineer','1991-11-21','1996-11-20'),
(10412,'Senior Engineer','1996-11-20','9999-01-01'),
(10413,'Senior Staff','1997-12-26','9999-01-01'),
(10413,'Staff','1991-12-27','1997-12-26'),
(10414,'Senior Engineer','1990-05-30','1994-12-02'),
(10415,'Senior Engineer','1993-10-25','9999-01-01'),
(10416,'Senior Staff','1996-03-24','9999-01-01'),
(10416,'Staff','1989-03-24','1996-03-24'),
(10417,'Staff','1999-06-27','9999-01-01'),
(10418,'Staff','1996-10-04','9999-01-01'),
(10419,'Senior Staff','2000-04-25','2002-07-06'),
(10419,'Staff','1992-04-25','2000-04-25'),
(10420,'Senior Staff','1997-01-16','2000-07-09'),
(10420,'Staff','1988-01-17','1997-01-16'),
(10421,'Senior Staff','1998-04-07','9999-01-01'),
(10421,'Staff','1990-04-07','1998-04-07'),
(10422,'Engineer','1995-01-03','9999-01-01'),
(10423,'Staff','1999-05-27','9999-01-01'),
(10424,'Senior Engineer','1989-08-07','9999-01-01'),
(10425,'Engineer','1995-05-07','2001-05-06'),
(10425,'Senior Engineer','2001-05-06','2002-05-06'),
(10426,'Technique Leader','1985-07-06','9999-01-01'),
(10427,'Senior Staff','1999-10-03','9999-01-01'),
(10427,'Staff','1994-10-03','1999-10-03'),
(10428,'Senior Staff','1999-06-05','9999-01-01'),
(10428,'Staff','1992-06-04','1999-06-05'),
(10429,'Senior Engineer','1988-09-23','9999-01-01'),
(10430,'Senior Engineer','1998-07-05','9999-01-01'),
(10431,'Senior Staff','1995-10-08','9999-01-01'),
(10431,'Staff','1987-10-08','1995-10-08'),
(10432,'Senior Staff','1996-08-12','9999-01-01'),
(10432,'Staff','1990-08-13','1996-08-12'),
(10433,'Assistant Engineer','1992-11-26','1999-11-27'),
(10433,'Engineer','1999-11-27','9999-01-01'),
(10434,'Engineer','1995-06-27','2001-06-26'),
(10434,'Senior Engineer','2001-06-26','2002-06-22'),
(10435,'Engineer','1996-06-08','9999-01-01'),
(10436,'Senior Staff','1988-01-30','9999-01-01'),
(10437,'Engineer','1996-04-12','9999-01-01'),
(10438,'Assistant Engineer','1990-01-19','1997-01-19'),
(10438,'Engineer','1997-01-19','9999-01-01'),
(10439,'Engineer','1993-05-01','2002-05-01'),
(10439,'Senior Engineer','2002-05-01','9999-01-01'),
(10440,'Technique Leader','1997-04-04','9999-01-01'),
(10441,'Engineer','1988-07-12','1993-07-12'),
(10441,'Senior Engineer','1993-07-12','9999-01-01'),
(10442,'Senior Staff','1999-02-12','2001-03-13'),
(10442,'Staff','1992-02-12','1999-02-12'),
(10443,'Senior Engineer','1989-08-01','2002-07-06'),
(10444,'Staff','1994-10-23','9999-01-01'),
(10445,'Engineer','1987-11-04','1993-11-03'),
(10445,'Senior Engineer','1993-11-03','9999-01-01'),
(10446,'Engineer','1996-12-25','9999-01-01'),
(10447,'Assistant Engineer','1988-12-29','1997-12-29'),
(10447,'Engineer','1997-12-29','2000-11-15'),
(10448,'Senior Staff','2000-03-12','9999-01-01'),
(10448,'Staff','1992-03-12','2000-03-12'),
(10449,'Senior Staff','1994-03-28','9999-01-01'),
(10449,'Staff','1987-03-28','1994-03-28'),
(10450,'Engineer','1997-08-24','9999-01-01'),
(10451,'Assistant Engineer','1988-03-12','1993-03-12'),
(10451,'Engineer','1993-03-12','1998-03-12'),
(10451,'Senior Engineer','1998-03-12','9999-01-01'),
(10452,'Engineer','1995-11-12','2000-11-11'),
(10452,'Senior Engineer','2000-11-11','2001-10-11'),
(10453,'Senior Staff','1993-04-02','9999-01-01'),
(10453,'Staff','1985-04-02','1993-04-02'),
(10454,'Senior Staff','1989-04-16','9999-01-01'),
(10455,'Senior Staff','2002-02-19','9999-01-01'),
(10455,'Staff','1995-02-19','2002-02-19'),
(10456,'Staff','2000-01-06','9999-01-01'),
(10457,'Senior Engineer','1999-10-23','9999-01-01'),
(10458,'Senior Staff','2002-07-05','9999-01-01'),
(10458,'Staff','1994-07-05','2002-07-05'),
(10459,'Staff','1997-06-28','9999-01-01'),
(10460,'Engineer','1999-06-30','2001-04-15'),
(10461,'Senior Staff','1992-08-02','9999-01-01'),
(10461,'Staff','1987-08-03','1992-08-02'),
(10462,'Senior Engineer','1996-03-25','9999-01-01'),
(10463,'Staff','1994-02-17','9999-01-01'),
(10464,'Senior Staff','1999-05-21','9999-01-01'),
(10464,'Staff','1991-05-21','1999-05-21'),
(10465,'Senior Staff','2001-12-11','9999-01-01'),
(10465,'Staff','1994-12-11','2001-12-11'),
(10466,'Staff','1997-08-22','2000-08-15'),
(10467,'Staff','1992-05-22','1999-11-01'),
(10468,'Senior Staff','1998-05-28','9999-01-01'),
(10468,'Staff','1991-05-28','1998-05-28'),
(10469,'Senior Engineer','1985-06-05','9999-01-01'),
(10470,'Engineer','1989-09-19','1994-09-19'),
(10470,'Senior Engineer','1994-09-19','9999-01-01'),
(10471,'Senior Engineer','1990-11-18','9999-01-01'),
(10472,'Staff','1999-12-01','2002-01-02'),
(10473,'Engineer','1997-09-23','9999-01-01'),
(10474,'Engineer','1987-02-21','1992-02-21'),
(10474,'Senior Engineer','1992-02-21','9999-01-01'),
(10475,'Engineer','1992-05-13','1994-12-30'),
(10476,'Senior Staff','1994-09-20','9999-01-01'),
(10476,'Staff','1987-09-20','1994-09-20'),
(10477,'Engineer','1997-05-26','2002-05-26'),
(10477,'Senior Engineer','2002-05-26','9999-01-01'),
(10478,'Senior Staff','1992-06-09','9999-01-01'),
(10479,'Senior Engineer','1993-07-24','9999-01-01'),
(10480,'Staff','1988-05-18','1989-06-03'),
(10481,'Engineer','1989-10-03','1998-10-03'),
(10481,'Senior Engineer','1998-10-03','9999-01-01'),
(10482,'Engineer','1996-02-26','9999-01-01'),
(10483,'Assistant Engineer','1993-11-10','1998-11-10'),
(10483,'Engineer','1998-11-10','9999-01-01'),
(10484,'Senior Staff','1996-12-20','9999-01-01'),
(10485,'Engineer','1996-01-21','9999-01-01'),
(10486,'Engineer','1987-10-08','1996-10-07'),
(10486,'Senior Engineer','1996-10-07','9999-01-01'),
(10487,'Engineer','1992-08-14','2001-08-14'),
(10487,'Senior Engineer','2001-08-14','9999-01-01'),
(10488,'Engineer','1994-07-09','2002-07-09'),
(10488,'Senior Engineer','2002-07-09','9999-01-01'),
(10489,'Engineer','1989-09-10','1989-10-06'),
(10490,'Senior Staff','1997-11-22','9999-01-01'),
(10490,'Staff','1992-11-22','1997-11-22'),
(10491,'Senior Staff','1998-01-17','9999-01-01'),
(10491,'Staff','1990-01-17','1998-01-17'),
(10492,'Engineer','1988-04-29','1997-04-29'),
(10492,'Senior Engineer','1997-04-29','9999-01-01'),
(10493,'Senior Staff','1998-10-29','9999-01-01'),
(10494,'Engineer','1991-12-18','2000-12-17'),
(10494,'Senior Engineer','2000-12-17','9999-01-01'),
(10495,'Technique Leader','1989-09-24','9999-01-01'),
(10496,'Staff','1995-08-29','1999-01-26'),
(10497,'Engineer','1992-01-22','1999-01-22'),
(10497,'Senior Engineer','1999-01-22','9999-01-01'),
(10498,'Engineer','1994-03-09','9999-01-01'),
(10499,'Senior Staff','2001-07-31','9999-01-01'),
(10499,'Staff','1996-07-31','2001-07-31'),
(10500,'Engineer','1996-12-16','9999-01-01'),
(10501,'Engineer','1988-09-08','1995-09-09'),
(10501,'Senior Engineer','1995-09-09','9999-01-01'),
(10502,'Technique Leader','1993-03-04','9999-01-01'),
(10503,'Engineer','1997-03-13','9999-01-01'),
(10504,'Staff','1999-10-19','9999-01-01'),
(10505,'Senior Staff','1994-07-23','1998-03-26'),
(10505,'Staff','1985-07-23','1994-07-23'),
(10506,'Senior Engineer','1996-12-01','9999-01-01'),
(10507,'Senior Staff','1999-09-30','9999-01-01'),
(10507,'Staff','1990-09-30','1999-09-30'),
(10508,'Engineer','1991-05-01','2000-04-30'),
(10508,'Senior Engineer','2000-04-30','9999-01-01'),
(10509,'Senior Staff','1997-10-06','9999-01-01'),
(10509,'Staff','1992-10-06','1997-10-06'),
(10510,'Senior Staff','1997-04-20','9999-01-01'),
(10510,'Staff','1990-04-20','1997-04-20'),
(10511,'Assistant Engineer','1992-01-27','2000-01-27'),
(10511,'Engineer','2000-01-27','9999-01-01'),
(10512,'Senior Staff','1998-11-28','9999-01-01'),
(10512,'Staff','1989-11-28','1998-11-28'),
(10513,'Senior Staff','1997-04-01','9999-01-01'),
(10513,'Staff','1991-04-02','1997-04-01'),
(10514,'Staff','1992-04-29','1995-04-02'),
(10515,'Senior Staff','1997-01-06','1998-07-21'),
(10515,'Staff','1990-01-06','1997-01-06'),
(10516,'Engineer','1985-10-19','1994-10-19'),
(10516,'Senior Engineer','1994-10-19','9999-01-01'),
(10517,'Senior Staff','1990-12-25','9999-01-01'),
(10518,'Technique Leader','1993-09-03','9999-01-01'),
(10519,'Senior Staff','2000-12-05','2001-10-13'),
(10519,'Staff','1992-12-05','2000-12-05'),
(10520,'Senior Engineer','1996-09-05','9999-01-01'),
(10521,'Senior Staff','1997-05-11','9999-01-01'),
(10521,'Staff','1989-05-11','1997-05-11'),
(10522,'Senior Staff','1995-12-12','9999-01-01'),
(10522,'Staff','1986-12-12','1995-12-12'),
(10523,'Engineer','1989-12-23','1994-12-23'),
(10523,'Senior Engineer','1994-12-23','9999-01-01'),
(10524,'Engineer','1985-10-09','1993-10-09'),
(10524,'Senior Engineer','1993-10-09','9999-01-01'),
(10525,'Senior Staff','1990-07-08','1995-12-20'),
(10526,'Engineer','1988-02-27','1997-02-26'),
(10526,'Senior Engineer','1997-02-26','9999-01-01'),
(10527,'Technique Leader','1996-01-25','9999-01-01'),
(10528,'Senior Engineer','1993-10-28','9999-01-01'),
(10529,'Assistant Engineer','1997-07-04','9999-01-01'),
(10530,'Engineer','1987-09-23','1994-09-23'),
(10530,'Senior Engineer','1994-09-23','9999-01-01'),
(10531,'Staff','1995-03-16','9999-01-01'),
(10532,'Senior Staff','1993-05-18','9999-01-01'),
(10532,'Staff','1986-05-18','1993-05-18'),
(10533,'Senior Staff','1996-08-16','9999-01-01'),
(10533,'Staff','1990-08-17','1996-08-16'),
(10534,'Staff','1998-01-26','2001-03-03'),
(10535,'Senior Staff','1996-08-21','9999-01-01'),
(10535,'Staff','1991-08-22','1996-08-21'),
(10536,'Senior Staff','1997-10-07','9999-01-01'),
(10536,'Staff','1988-10-07','1997-10-07'),
(10537,'Senior Staff','1996-09-25','9999-01-01'),
(10538,'Senior Engineer','1987-07-23','1998-12-13'),
(10539,'Senior Staff','1990-06-05','9999-01-01'),
(10540,'Engineer','1994-05-03','2002-05-03'),
(10540,'Senior Engineer','2002-05-03','9999-01-01'),
(10541,'Staff','1986-02-28','1986-10-01'),
(10542,'Senior Engineer','1992-02-07','9999-01-01'),
(10543,'Staff','1998-11-24','9999-01-01'),
(10544,'Senior Staff','1995-04-29','9999-01-01'),
(10545,'Engineer','1990-06-30','1996-06-29'),
(10545,'Senior Engineer','1996-06-29','9999-01-01'),
(10546,'Senior Staff','1998-04-14','9999-01-01'),
(10546,'Staff','1991-04-14','1998-04-14'),
(10547,'Technique Leader','1988-02-14','1989-06-19'),
(10548,'Senior Staff','1993-07-04','9999-01-01'),
(10548,'Staff','1986-07-04','1993-07-04'),
(10549,'Engineer','1996-10-11','2001-10-11'),
(10549,'Senior Engineer','2001-10-11','9999-01-01'),
(10550,'Engineer','1985-02-03','1994-02-03'),
(10550,'Senior Engineer','1994-02-03','9999-01-01'),
(10551,'Engineer','1988-08-06','1995-08-07'),
(10551,'Senior Engineer','1995-08-07','9999-01-01'),
(10552,'Senior Engineer','1998-08-31','9999-01-01'),
(10553,'Engineer','1990-07-22','1996-07-21'),
(10553,'Senior Engineer','1996-07-21','9999-01-01'),
(10554,'Engineer','1990-11-28','1995-11-28'),
(10554,'Senior Engineer','1995-11-28','9999-01-01'),
(10555,'Staff','1992-05-22','1993-01-19'),
(10556,'Senior Staff','1997-04-15','9999-01-01'),
(10556,'Staff','1992-04-15','1997-04-15'),
(10557,'Engineer','1992-09-18','2001-09-18'),
(10557,'Senior Engineer','2001-09-18','9999-01-01'),
(10558,'Senior Engineer','1992-04-22','9999-01-01'),
(10559,'Staff','1999-04-05','9999-01-01'),
(10560,'Engineer','1996-09-03','9999-01-01'),
(10561,'Senior Staff','1997-06-30','9999-01-01'),
(10562,'Engineer','1997-07-24','2002-07-24'),
(10562,'Senior Engineer','2002-07-24','9999-01-01'),
(10563,'Engineer','1992-09-29','1999-09-30'),
(10563,'Senior Engineer','1999-09-30','2002-01-01'),
(10564,'Engineer','1995-11-23','2000-11-22'),
(10564,'Senior Engineer','2000-11-22','9999-01-01'),
(10565,'Senior Engineer','1996-08-05','9999-01-01'),
(10566,'Engineer','1990-08-23','1997-10-26'),
(10567,'Senior Staff','1997-10-18','9999-01-01'),
(10567,'Staff','1992-10-18','1997-10-18'),
(10568,'Staff','1995-07-08','9999-01-01'),
(10569,'Senior Staff','1996-03-12','9999-01-01'),
(10569,'Staff','1987-03-13','1996-03-12'),
(10570,'Senior Staff','1995-06-16','2000-03-25'),
(10570,'Staff','1986-06-16','1995-06-16'),
(10571,'Assistant Engineer','1985-02-24','1991-02-24'),
(10571,'Engineer','1991-02-24','1997-02-23'),
(10571,'Senior Engineer','1997-02-23','9999-01-01'),
(10572,'Engineer','1988-02-16','1994-02-15'),
(10572,'Senior Engineer','1994-02-15','9999-01-01'),
(10573,'Staff','1999-08-20','9999-01-01'),
(10574,'Senior Staff','1999-11-15','9999-01-01'),
(10575,'Senior Engineer','1988-10-04','2000-11-22'),
(10576,'Senior Staff','1991-01-03','9999-01-01'),
(10577,'Senior Staff','2002-07-02','9999-01-01'),
(10577,'Staff','1993-07-02','2002-07-02'),
(10578,'Senior Engineer','1989-11-24','9999-01-01'),
(10579,'Senior Engineer','1991-06-02','9999-01-01'),
(10580,'Senior Staff','1997-03-01','9999-01-01'),
(10580,'Staff','1991-03-02','1997-03-01'),
(10581,'Engineer','1994-04-13','1999-04-13'),
(10581,'Senior Engineer','1999-04-13','9999-01-01'),
(10582,'Assistant Engineer','1995-11-06','9999-01-01'),
(10583,'Engineer','1985-02-14','1990-02-14'),
(10583,'Senior Engineer','1990-02-14','1998-05-29'),
(10584,'Engineer','1986-02-17','1993-02-17'),
(10584,'Senior Engineer','1993-02-17','9999-01-01'),
(10585,'Senior Engineer','1991-01-09','9999-01-01'),
(10586,'Engineer','1992-02-04','2000-02-04'),
(10586,'Senior Engineer','2000-02-04','9999-01-01'),
(10587,'Engineer','1991-11-20','1999-11-20'),
(10587,'Senior Engineer','1999-11-20','9999-01-01'),
(10588,'Engineer','1988-07-25','1993-07-25'),
(10588,'Senior Engineer','1993-07-25','9999-01-01'),
(10589,'Senior Staff','2002-01-26','9999-01-01'),
(10589,'Staff','1994-01-26','2002-01-26'),
(10590,'Senior Staff','1995-04-09','9999-01-01'),
(10590,'Staff','1986-04-09','1995-04-09'),
(10591,'Staff','1987-06-18','1988-09-20'),
(10592,'Staff','1993-09-27','9999-01-01'),
(10593,'Engineer','1990-09-12','1999-09-12'),
(10593,'Senior Engineer','1999-09-12','9999-01-01'),
(10594,'Engineer','1988-04-02','1996-04-02'),
(10594,'Senior Engineer','1996-04-02','9999-01-01'),
(10595,'Senior Engineer','1989-11-24','9999-01-01'),
(10596,'Senior Staff','2001-05-23','9999-01-01'),
(10596,'Staff','1996-05-23','2001-05-23'),
(10597,'Senior Staff','1995-04-01','9999-01-01'),
(10597,'Staff','1990-04-01','1995-04-01'),
(10598,'Senior Engineer','1998-06-22','2000-09-27'),
(10599,'Technique Leader','1991-11-17','9999-01-01'),
(10600,'Senior Staff','1997-04-27','9999-01-01'),
(10600,'Staff','1992-04-27','1997-04-27'),
(10601,'Staff','1999-07-24','2002-05-09'),
(10602,'Staff','1989-04-23','1993-11-06'),
(10603,'Staff','1995-07-20','9999-01-01'),
(10604,'Engineer','1990-04-07','1997-04-07'),
(10604,'Senior Engineer','1997-04-07','9999-01-01');

INSERT INTO `salaries` VALUES (10001,60117,'1986-06-26','1987-06-26'),
(10001,62102,'1987-06-26','1988-06-25'),
(10001,66074,'1988-06-25','1989-06-25'),
(10001,66596,'1989-06-25','1990-06-25'),
(10001,66961,'1990-06-25','1991-06-25'),
(10001,71046,'1991-06-25','1992-06-24'),
(10001,74333,'1992-06-24','1993-06-24'),
(10001,75286,'1993-06-24','1994-06-24'),
(10001,75994,'1994-06-24','1995-06-24'),
(10001,76884,'1995-06-24','1996-06-23'),
(10001,80013,'1996-06-23','1997-06-23'),
(10001,81025,'1997-06-23','1998-06-23'),
(10001,81097,'1998-06-23','1999-06-23'),
(10001,84917,'1999-06-23','2000-06-22'),
(10001,85112,'2000-06-22','2001-06-22'),
(10001,85097,'2001-06-22','2002-06-22'),
(10001,88958,'2002-06-22','9999-01-01'),
(10002,65828,'1996-08-03','1997-08-03'),
(10002,65909,'1997-08-03','1998-08-03'),
(10002,67534,'1998-08-03','1999-08-03'),
(10002,69366,'1999-08-03','2000-08-02'),
(10002,71963,'2000-08-02','2001-08-02'),
(10002,72527,'2001-08-02','9999-01-01'),
(10003,40006,'1995-12-03','1996-12-02'),
(10003,43616,'1996-12-02','1997-12-02'),
(10003,43466,'1997-12-02','1998-12-02'),
(10003,43636,'1998-12-02','1999-12-02'),
(10003,43478,'1999-12-02','2000-12-01'),
(10003,43699,'2000-12-01','2001-12-01'),
(10003,43311,'2001-12-01','9999-01-01'),
(10004,40054,'1986-12-01','1987-12-01'),
(10004,42283,'1987-12-01','1988-11-30'),
(10004,42542,'1988-11-30','1989-11-30'),
(10004,46065,'1989-11-30','1990-11-30'),
(10004,48271,'1990-11-30','1991-11-30'),
(10004,50594,'1991-11-30','1992-11-29'),
(10004,52119,'1992-11-29','1993-11-29'),
(10004,54693,'1993-11-29','1994-11-29'),
(10004,58326,'1994-11-29','1995-11-29'),
(10004,60770,'1995-11-29','1996-11-28'),
(10004,62566,'1996-11-28','1997-11-28'),
(10004,64340,'1997-11-28','1998-11-28'),
(10004,67096,'1998-11-28','1999-11-28'),
(10004,69722,'1999-11-28','2000-11-27'),
(10004,70698,'2000-11-27','2001-11-27'),
(10004,74057,'2001-11-27','9999-01-01'),
(10005,78228,'1989-09-12','1990-09-12'),
(10005,82621,'1990-09-12','1991-09-12'),
(10005,83735,'1991-09-12','1992-09-11'),
(10005,85572,'1992-09-11','1993-09-11'),
(10005,85076,'1993-09-11','1994-09-11'),
(10005,86050,'1994-09-11','1995-09-11'),
(10005,88448,'1995-09-11','1996-09-10'),
(10005,88063,'1996-09-10','1997-09-10'),
(10005,89724,'1997-09-10','1998-09-10'),
(10005,90392,'1998-09-10','1999-09-10'),
(10005,90531,'1999-09-10','2000-09-09'),
(10005,91453,'2000-09-09','2001-09-09'),
(10005,94692,'2001-09-09','9999-01-01'),
(10006,40000,'1990-08-05','1991-08-05'),
(10006,42085,'1991-08-05','1992-08-04'),
(10006,42629,'1992-08-04','1993-08-04'),
(10006,45844,'1993-08-04','1994-08-04'),
(10006,47518,'1994-08-04','1995-08-04'),
(10006,47917,'1995-08-04','1996-08-03'),
(10006,52255,'1996-08-03','1997-08-03'),
(10006,53747,'1997-08-03','1998-08-03'),
(10006,56032,'1998-08-03','1999-08-03'),
(10006,58299,'1999-08-03','2000-08-02'),
(10006,60098,'2000-08-02','2001-08-02'),
(10006,59755,'2001-08-02','9999-01-01'),
(10007,56724,'1989-02-10','1990-02-10'),
(10007,60740,'1990-02-10','1991-02-10'),
(10007,62745,'1991-02-10','1992-02-10'),
(10007,63475,'1992-02-10','1993-02-09'),
(10007,63208,'1993-02-09','1994-02-09'),
(10007,64563,'1994-02-09','1995-02-09'),
(10007,68833,'1995-02-09','1996-02-09'),
(10007,70220,'1996-02-09','1997-02-08'),
(10007,73362,'1997-02-08','1998-02-08'),
(10007,75582,'1998-02-08','1999-02-08'),
(10007,79513,'1999-02-08','2000-02-08'),
(10007,80083,'2000-02-08','2001-02-07'),
(10007,84456,'2001-02-07','2002-02-07'),
(10007,88070,'2002-02-07','9999-01-01'),
(10008,46671,'1998-03-11','1999-03-11'),
(10008,48584,'1999-03-11','2000-03-10'),
(10008,52668,'2000-03-10','2000-07-31'),
(10009,60929,'1985-02-18','1986-02-18'),
(10009,64604,'1986-02-18','1987-02-18'),
(10009,64780,'1987-02-18','1988-02-18'),
(10009,66302,'1988-02-18','1989-02-17'),
(10009,69042,'1989-02-17','1990-02-17'),
(10009,70889,'1990-02-17','1991-02-17'),
(10009,71434,'1991-02-17','1992-02-17'),
(10009,74612,'1992-02-17','1993-02-16'),
(10009,76518,'1993-02-16','1994-02-16'),
(10009,78335,'1994-02-16','1995-02-16'),
(10009,80944,'1995-02-16','1996-02-16'),
(10009,82507,'1996-02-16','1997-02-15'),
(10009,85875,'1997-02-15','1998-02-15'),
(10009,89324,'1998-02-15','1999-02-15'),
(10009,90668,'1999-02-15','2000-02-15'),
(10009,93507,'2000-02-15','2001-02-14'),
(10009,94443,'2001-02-14','2002-02-14'),
(10009,94409,'2002-02-14','9999-01-01'),
(10010,72488,'1996-11-24','1997-11-24'),
(10010,74347,'1997-11-24','1998-11-24'),
(10010,75405,'1998-11-24','1999-11-24'),
(10010,78194,'1999-11-24','2000-11-23'),
(10010,79580,'2000-11-23','2001-11-23'),
(10010,80324,'2001-11-23','9999-01-01'),
(10011,42365,'1990-01-22','1991-01-22'),
(10011,44200,'1991-01-22','1992-01-22'),
(10011,48214,'1992-01-22','1993-01-21'),
(10011,50927,'1993-01-21','1994-01-21'),
(10011,51470,'1994-01-21','1995-01-21'),
(10011,54545,'1995-01-21','1996-01-21'),
(10011,56753,'1996-01-21','1996-11-09'),
(10012,40000,'1992-12-18','1993-12-18'),
(10012,41867,'1993-12-18','1994-12-18'),
(10012,42318,'1994-12-18','1995-12-18'),
(10012,44195,'1995-12-18','1996-12-17'),
(10012,46460,'1996-12-17','1997-12-17'),
(10012,46485,'1997-12-17','1998-12-17'),
(10012,47364,'1998-12-17','1999-12-17'),
(10012,51122,'1999-12-17','2000-12-16'),
(10012,54794,'2000-12-16','2001-12-16'),
(10012,54423,'2001-12-16','9999-01-01'),
(10013,40000,'1985-10-20','1986-10-20'),
(10013,40623,'1986-10-20','1987-10-20'),
(10013,40561,'1987-10-20','1988-10-19'),
(10013,40306,'1988-10-19','1989-10-19'),
(10013,43569,'1989-10-19','1990-10-19'),
(10013,46305,'1990-10-19','1991-10-19'),
(10013,47118,'1991-10-19','1992-10-18'),
(10013,50351,'1992-10-18','1993-10-18'),
(10013,49887,'1993-10-18','1994-10-18'),
(10013,53957,'1994-10-18','1995-10-18'),
(10013,57590,'1995-10-18','1996-10-17'),
(10013,59228,'1996-10-17','1997-10-17'),
(10013,59571,'1997-10-17','1998-10-17'),
(10013,63274,'1998-10-17','1999-10-17'),
(10013,63352,'1999-10-17','2000-10-16'),
(10013,66744,'2000-10-16','2001-10-16'),
(10013,68901,'2001-10-16','9999-01-01'),
(10014,46168,'1993-12-29','1994-12-29'),
(10014,48242,'1994-12-29','1995-12-29'),
(10014,47921,'1995-12-29','1996-12-28'),
(10014,50715,'1996-12-28','1997-12-28'),
(10014,53228,'1997-12-28','1998-12-28'),
(10014,53962,'1998-12-28','1999-12-28'),
(10014,56937,'1999-12-28','2000-12-27'),
(10014,59142,'2000-12-27','2001-12-27'),
(10014,60598,'2001-12-27','9999-01-01'),
(10015,40000,'1992-09-19','1993-08-22'),
(10016,70889,'1998-02-11','1999-02-11'),
(10016,72946,'1999-02-11','2000-02-11'),
(10016,76826,'2000-02-11','2001-02-10'),
(10016,76381,'2001-02-10','2002-02-10'),
(10016,77935,'2002-02-10','9999-01-01'),
(10017,71380,'1993-08-03','1994-08-03'),
(10017,75538,'1994-08-03','1995-08-03'),
(10017,79510,'1995-08-03','1996-08-02'),
(10017,82163,'1996-08-02','1997-08-02'),
(10017,86157,'1997-08-02','1998-08-02'),
(10017,89619,'1998-08-02','1999-08-02'),
(10017,91985,'1999-08-02','2000-08-01'),
(10017,96122,'2000-08-01','2001-08-01'),
(10017,98522,'2001-08-01','2002-08-01'),
(10017,99651,'2002-08-01','9999-01-01'),
(10018,55881,'1987-04-03','1988-04-02'),
(10018,59206,'1988-04-02','1989-04-02'),
(10018,61361,'1989-04-02','1990-04-02'),
(10018,61648,'1990-04-02','1991-04-02'),
(10018,61217,'1991-04-02','1992-04-01'),
(10018,61244,'1992-04-01','1993-04-01'),
(10018,63286,'1993-04-01','1994-04-01'),
(10018,65739,'1994-04-01','1995-04-01'),
(10018,67519,'1995-04-01','1996-03-31'),
(10018,69276,'1996-03-31','1997-03-31'),
(10018,72585,'1997-03-31','1998-03-31'),
(10018,72804,'1998-03-31','1999-03-31'),
(10018,76957,'1999-03-31','2000-03-30'),
(10018,80305,'2000-03-30','2001-03-30'),
(10018,84541,'2001-03-30','2002-03-30'),
(10018,84672,'2002-03-30','9999-01-01'),
(10019,44276,'1999-04-30','2000-04-29'),
(10019,46946,'2000-04-29','2001-04-29'),
(10019,46775,'2001-04-29','2002-04-29'),
(10019,50032,'2002-04-29','9999-01-01'),
(10020,40000,'1997-12-30','1998-12-30'),
(10020,40647,'1998-12-30','1999-12-30'),
(10020,43800,'1999-12-30','2000-12-29'),
(10020,44927,'2000-12-29','2001-12-29'),
(10020,47017,'2001-12-29','9999-01-01'),
(10021,55025,'1988-02-10','1989-02-09'),
(10021,56399,'1989-02-09','1990-02-09'),
(10021,59700,'1990-02-09','1991-02-09'),
(10021,60851,'1991-02-09','1992-02-09'),
(10021,61117,'1992-02-09','1993-02-08'),
(10021,60708,'1993-02-08','1994-02-08'),
(10021,63514,'1994-02-08','1995-02-08'),
(10021,66249,'1995-02-08','1996-02-08'),
(10021,70570,'1996-02-08','1997-02-07'),
(10021,74759,'1997-02-07','1998-02-07'),
(10021,77519,'1998-02-07','1999-02-07'),
(10021,77237,'1999-02-07','2000-02-07'),
(10021,79631,'2000-02-07','2001-02-06'),
(10021,82295,'2001-02-06','2002-02-06'),
(10021,84169,'2002-02-06','2002-07-15'),
(10022,40000,'1999-09-03','2000-09-02'),
(10022,39935,'2000-09-02','2001-09-02'),
(10022,41348,'2001-09-02','9999-01-01'),
(10023,47883,'1999-09-27','2000-09-26'),
(10023,50319,'2000-09-26','2001-09-26'),
(10023,50113,'2001-09-26','9999-01-01'),
(10024,83733,'1998-06-14','1999-06-14'),
(10024,86715,'1999-06-14','2000-06-13'),
(10024,91067,'2000-06-13','2001-06-13'),
(10024,94701,'2001-06-13','2002-06-13'),
(10024,96646,'2002-06-13','9999-01-01'),
(10025,40000,'1987-08-17','1988-08-16'),
(10025,44416,'1988-08-16','1989-08-16'),
(10025,48680,'1989-08-16','1990-08-16'),
(10025,50120,'1990-08-16','1991-08-16'),
(10025,50980,'1991-08-16','1992-08-15'),
(10025,54459,'1992-08-15','1993-08-15'),
(10025,54395,'1993-08-15','1994-08-15'),
(10025,56643,'1994-08-15','1995-08-15'),
(10025,57585,'1995-08-15','1996-08-14'),
(10025,57110,'1996-08-14','1997-08-14'),
(10025,57157,'1997-08-14','1997-10-15'),
(10026,47585,'1995-03-20','1996-03-19'),
(10026,51730,'1996-03-19','1997-03-19'),
(10026,53682,'1997-03-19','1998-03-19'),
(10026,56769,'1998-03-19','1999-03-19'),
(10026,60397,'1999-03-19','2000-03-18'),
(10026,64132,'2000-03-18','2001-03-18'),
(10026,65415,'2001-03-18','2002-03-18'),
(10026,66313,'2002-03-18','9999-01-01'),
(10027,40000,'1995-04-02','1996-04-01'),
(10027,39520,'1996-04-01','1997-04-01'),
(10027,42382,'1997-04-01','1998-04-01'),
(10027,43654,'1998-04-01','1999-04-01'),
(10027,43925,'1999-04-01','2000-03-31'),
(10027,45157,'2000-03-31','2001-03-31'),
(10027,45771,'2001-03-31','2002-03-31'),
(10027,46145,'2002-03-31','9999-01-01'),
(10028,48859,'1991-10-22','1992-10-21'),
(10028,50805,'1992-10-21','1993-10-21'),
(10028,52082,'1993-10-21','1994-10-21'),
(10028,54949,'1994-10-21','1995-10-21'),
(10028,55963,'1995-10-21','1996-10-20'),
(10028,57831,'1996-10-20','1997-10-20'),
(10028,58502,'1997-10-20','1998-04-06'),
(10029,63163,'1991-09-18','1992-09-17'),
(10029,66877,'1992-09-17','1993-09-17'),
(10029,69211,'1993-09-17','1994-09-17'),
(10029,70624,'1994-09-17','1995-09-17'),
(10029,70294,'1995-09-17','1996-09-16'),
(10029,70671,'1996-09-16','1997-09-16'),
(10029,73510,'1997-09-16','1998-09-16'),
(10029,75773,'1998-09-16','1999-09-16'),
(10029,76067,'1999-09-16','2000-09-15'),
(10029,76608,'2000-09-15','2001-09-15'),
(10029,77777,'2001-09-15','9999-01-01'),
(10030,66956,'1994-02-17','1995-02-17'),
(10030,68393,'1995-02-17','1996-02-17'),
(10030,72795,'1996-02-17','1997-02-16'),
(10030,76453,'1997-02-16','1998-02-16'),
(10030,79290,'1998-02-16','1999-02-16'),
(10030,83327,'1999-02-16','2000-02-16'),
(10030,86634,'2000-02-16','2001-02-15'),
(10030,87027,'2001-02-15','2002-02-15'),
(10030,88806,'2002-02-15','9999-01-01'),
(10031,40000,'1991-09-01','1992-08-31'),
(10031,40859,'1992-08-31','1993-08-31'),
(10031,41881,'1993-08-31','1994-08-31'),
(10031,44191,'1994-08-31','1995-08-31'),
(10031,47202,'1995-08-31','1996-08-30'),
(10031,47606,'1996-08-30','1997-08-30'),
(10031,50810,'1997-08-30','1998-08-30'),
(10031,52675,'1998-08-30','1999-08-30'),
(10031,54177,'1999-08-30','2000-08-29'),
(10031,53873,'2000-08-29','2001-08-29'),
(10031,56689,'2001-08-29','9999-01-01'),
(10032,48426,'1990-06-20','1991-06-20'),
(10032,49389,'1991-06-20','1992-06-19'),
(10032,52000,'1992-06-19','1993-06-19'),
(10032,53038,'1993-06-19','1994-06-19'),
(10032,54336,'1994-06-19','1995-06-19'),
(10032,53978,'1995-06-19','1996-06-18'),
(10032,55090,'1996-06-18','1997-06-18'),
(10032,57110,'1997-06-18','1998-06-18'),
(10032,57926,'1998-06-18','1999-06-18'),
(10032,57876,'1999-06-18','2000-06-17'),
(10032,61709,'2000-06-17','2001-06-17'),
(10032,65820,'2001-06-17','2002-06-17'),
(10032,69539,'2002-06-17','9999-01-01'),
(10033,51258,'1987-03-18','1988-03-17'),
(10033,54972,'1988-03-17','1989-03-17'),
(10033,55410,'1989-03-17','1990-03-17'),
(10033,56095,'1990-03-17','1991-03-17'),
(10033,56038,'1991-03-17','1992-03-16'),
(10033,57712,'1992-03-16','1993-03-16'),
(10033,60433,'1993-03-16','1993-03-24'),
(10034,47561,'1995-04-12','1996-04-11'),
(10034,51192,'1996-04-11','1997-04-11'),
(10034,52687,'1997-04-11','1998-04-11'),
(10034,53112,'1998-04-11','1999-04-11'),
(10034,53164,'1999-04-11','1999-10-31'),
(10035,41538,'1988-09-05','1989-09-05'),
(10035,45131,'1989-09-05','1990-09-05'),
(10035,45629,'1990-09-05','1991-09-05'),
(10035,48360,'1991-09-05','1992-09-04'),
(10035,50664,'1992-09-04','1993-09-04'),
(10035,53060,'1993-09-04','1994-09-04'),
(10035,56640,'1994-09-04','1995-09-04'),
(10035,57621,'1995-09-04','1996-09-03'),
(10035,59291,'1996-09-03','1997-09-03'),
(10035,61793,'1997-09-03','1998-09-03'),
(10035,62285,'1998-09-03','1999-09-03'),
(10035,65332,'1999-09-03','2000-09-02'),
(10035,66584,'2000-09-02','2001-09-02'),
(10035,68755,'2001-09-02','9999-01-01'),
(10036,42819,'1992-04-28','1993-04-28'),
(10036,46756,'1993-04-28','1994-04-28'),
(10036,51084,'1994-04-28','1995-04-28'),
(10036,52308,'1995-04-28','1996-04-27'),
(10036,53828,'1996-04-27','1997-04-27'),
(10036,54408,'1997-04-27','1998-04-27'),
(10036,53929,'1998-04-27','1999-04-27'),
(10036,56579,'1999-04-27','2000-04-26'),
(10036,60478,'2000-04-26','2001-04-26'),
(10036,60520,'2001-04-26','2002-04-26'),
(10036,63053,'2002-04-26','9999-01-01'),
(10037,40000,'1990-12-05','1991-12-05'),
(10037,39765,'1991-12-05','1992-12-04'),
(10037,43565,'1992-12-04','1993-12-04'),
(10037,43104,'1993-12-04','1994-12-04'),
(10037,46100,'1994-12-04','1995-12-04'),
(10037,49735,'1995-12-04','1996-12-03'),
(10037,51775,'1996-12-03','1997-12-03'),
(10037,53198,'1997-12-03','1998-12-03'),
(10037,56270,'1998-12-03','1999-12-03'),
(10037,59882,'1999-12-03','2000-12-02'),
(10037,60992,'2000-12-02','2001-12-02'),
(10037,60574,'2001-12-02','9999-01-01'),
(10038,40000,'1989-09-20','1990-09-20'),
(10038,43527,'1990-09-20','1991-09-20'),
(10038,46509,'1991-09-20','1992-09-19'),
(10038,49874,'1992-09-19','1993-09-19'),
(10038,52969,'1993-09-19','1994-09-19'),
(10038,56629,'1994-09-19','1995-09-19'),
(10038,58079,'1995-09-19','1996-09-18'),
(10038,60322,'1996-09-18','1997-09-18'),
(10038,62274,'1997-09-18','1998-09-18'),
(10038,62517,'1998-09-18','1999-09-18'),
(10038,62458,'1999-09-18','2000-09-17'),
(10038,64238,'2000-09-17','2001-09-17'),
(10038,64254,'2001-09-17','9999-01-01'),
(10039,40000,'1988-01-19','1989-01-18'),
(10039,41525,'1989-01-18','1990-01-18'),
(10039,43801,'1990-01-18','1991-01-18'),
(10039,46278,'1991-01-18','1992-01-18'),
(10039,45838,'1992-01-18','1993-01-17'),
(10039,49155,'1993-01-17','1994-01-17'),
(10039,52999,'1994-01-17','1995-01-17'),
(10039,55037,'1995-01-17','1996-01-17'),
(10039,54937,'1996-01-17','1997-01-16'),
(10039,55204,'1997-01-16','1998-01-16'),
(10039,59593,'1998-01-16','1999-01-16'),
(10039,62131,'1999-01-16','2000-01-16'),
(10039,61774,'2000-01-16','2001-01-15'),
(10039,63592,'2001-01-15','2002-01-15'),
(10039,63918,'2002-01-15','9999-01-01'),
(10040,52153,'1993-02-14','1994-02-14'),
(10040,53533,'1994-02-14','1995-02-14'),
(10040,56565,'1995-02-14','1996-02-14'),
(10040,60260,'1996-02-14','1997-02-13'),
(10040,62101,'1997-02-13','1998-02-13'),
(10040,63870,'1998-02-13','1999-02-13'),
(10040,64570,'1999-02-13','2000-02-13'),
(10040,67016,'2000-02-13','2001-02-12'),
(10040,68185,'2001-02-12','2002-02-12'),
(10040,72668,'2002-02-12','9999-01-01'),
(10041,56893,'1989-11-12','1990-11-12'),
(10041,60824,'1990-11-12','1991-11-12'),
(10041,63116,'1991-11-12','1992-11-11'),
(10041,64128,'1992-11-11','1993-11-11'),
(10041,65615,'1993-11-11','1994-11-11'),
(10041,69768,'1994-11-11','1995-11-11'),
(10041,70216,'1995-11-11','1996-11-10'),
(10041,71322,'1996-11-10','1997-11-10'),
(10041,74575,'1997-11-10','1998-11-10'),
(10041,75544,'1998-11-10','1999-11-10'),
(10041,79746,'1999-11-10','2000-11-09'),
(10041,81012,'2000-11-09','2001-11-09'),
(10041,81705,'2001-11-09','9999-01-01'),
(10042,81662,'1993-03-21','1994-03-21'),
(10042,84183,'1994-03-21','1995-03-21'),
(10042,84389,'1995-03-21','1996-03-20'),
(10042,85501,'1996-03-20','1997-03-20'),
(10042,89833,'1997-03-20','1998-03-20'),
(10042,91161,'1998-03-20','1999-03-20'),
(10042,95035,'1999-03-20','2000-03-19'),
(10042,94868,'2000-03-19','2000-08-10'),
(10043,49324,'1990-10-20','1991-10-20'),
(10043,51948,'1991-10-20','1992-10-19'),
(10043,54011,'1992-10-19','1993-10-19'),
(10043,58302,'1993-10-19','1994-10-19'),
(10043,62291,'1994-10-19','1995-10-19'),
(10043,65669,'1995-10-19','1996-10-18'),
(10043,65562,'1996-10-18','1997-10-18'),
(10043,68328,'1997-10-18','1998-10-18'),
(10043,70689,'1998-10-18','1999-10-18'),
(10043,72543,'1999-10-18','2000-10-17'),
(10043,76677,'2000-10-17','2001-10-17'),
(10043,77659,'2001-10-17','9999-01-01'),
(10044,40919,'1994-05-21','1995-05-21'),
(10044,45217,'1995-05-21','1996-05-20'),
(10044,46674,'1996-05-20','1997-05-20'),
(10044,48623,'1997-05-20','1998-05-20'),
(10044,51377,'1998-05-20','1999-05-20'),
(10044,53186,'1999-05-20','2000-05-19'),
(10044,56058,'2000-05-19','2001-05-19'),
(10044,56810,'2001-05-19','2002-05-19'),
(10044,58345,'2002-05-19','9999-01-01'),
(10045,41971,'1996-11-16','1997-11-16'),
(10045,42914,'1997-11-16','1998-11-16'),
(10045,43046,'1998-11-16','1999-11-16'),
(10045,43838,'1999-11-16','2000-11-15'),
(10045,47984,'2000-11-15','2001-11-15'),
(10045,47581,'2001-11-15','9999-01-01'),
(10046,40000,'1992-06-20','1993-06-20'),
(10046,42385,'1993-06-20','1994-06-20'),
(10046,43485,'1994-06-20','1995-06-20'),
(10046,43203,'1995-06-20','1996-06-19'),
(10046,45150,'1996-06-19','1997-06-19'),
(10046,48222,'1997-06-19','1998-06-19'),
(10046,50853,'1998-06-19','1999-06-19'),
(10046,52271,'1999-06-19','2000-06-18'),
(10046,56481,'2000-06-18','2001-06-18'),
(10046,60249,'2001-06-18','2002-06-18'),
(10046,62218,'2002-06-18','9999-01-01'),
(10047,54982,'1989-03-31','1990-03-31'),
(10047,57350,'1990-03-31','1991-03-31'),
(10047,59571,'1991-03-31','1992-03-30'),
(10047,62851,'1992-03-30','1993-03-30'),
(10047,65225,'1993-03-30','1994-03-30'),
(10047,66330,'1994-03-30','1995-03-30'),
(10047,69992,'1995-03-30','1996-03-29'),
(10047,73376,'1996-03-29','1997-03-29'),
(10047,74735,'1997-03-29','1998-03-29'),
(10047,75748,'1998-03-29','1999-03-29'),
(10047,77149,'1999-03-29','2000-03-28'),
(10047,78399,'2000-03-28','2001-03-28'),
(10047,78569,'2001-03-28','2002-03-28'),
(10047,81037,'2002-03-28','9999-01-01'),
(10048,40000,'1985-02-24','1986-02-24'),
(10048,39507,'1986-02-24','1987-01-27'),
(10049,40000,'1992-05-04','1993-05-04'),
(10049,39735,'1993-05-04','1994-05-04'),
(10049,40484,'1994-05-04','1995-05-04'),
(10049,41291,'1995-05-04','1996-05-03'),
(10049,41301,'1996-05-03','1997-05-03'),
(10049,41957,'1997-05-03','1998-05-03'),
(10049,41788,'1998-05-03','1999-05-03'),
(10049,44620,'1999-05-03','2000-05-02'),
(10049,45933,'2000-05-02','2001-05-02'),
(10049,48575,'2001-05-02','2002-05-02'),
(10049,51326,'2002-05-02','9999-01-01'),
(10050,74366,'1990-12-25','1991-12-25'),
(10050,78675,'1991-12-25','1992-12-24'),
(10050,82220,'1992-12-24','1993-12-24'),
(10050,86604,'1993-12-24','1994-12-24'),
(10050,88087,'1994-12-24','1995-12-24'),
(10050,88836,'1995-12-24','1996-12-23'),
(10050,90623,'1996-12-23','1997-12-23'),
(10050,91530,'1997-12-23','1998-12-23'),
(10050,93689,'1998-12-23','1999-12-23'),
(10050,97571,'1999-12-23','2000-12-22'),
(10050,97817,'2000-12-22','2001-12-22'),
(10050,97830,'2001-12-22','9999-01-01'),
(10051,48817,'1992-10-15','1993-10-15'),
(10051,50874,'1993-10-15','1994-10-15'),
(10051,52247,'1994-10-15','1995-10-15'),
(10051,56217,'1995-10-15','1996-10-14'),
(10051,59402,'1996-10-14','1997-10-14'),
(10051,59012,'1997-10-14','1998-10-14'),
(10051,61719,'1998-10-14','1999-10-14'),
(10051,61345,'1999-10-14','2000-10-13'),
(10051,61400,'2000-10-13','2001-10-13'),
(10051,64905,'2001-10-13','9999-01-01'),
(10052,57212,'1997-01-31','1998-01-31'),
(10052,56908,'1998-01-31','1999-01-31'),
(10052,60084,'1999-01-31','2000-01-31'),
(10052,63081,'2000-01-31','2001-01-30'),
(10052,66450,'2001-01-30','2002-01-30'),
(10052,67156,'2002-01-30','9999-01-01'),
(10053,67854,'1994-11-13','1995-11-13'),
(10053,67912,'1995-11-13','1996-11-12'),
(10053,71459,'1996-11-12','1997-11-12'),
(10053,71283,'1997-11-12','1998-11-12'),
(10053,74822,'1998-11-12','1999-11-12'),
(10053,77425,'1999-11-12','2000-11-11'),
(10053,77531,'2000-11-11','2001-11-11'),
(10053,78478,'2001-11-11','9999-01-01'),
(10054,40000,'1995-07-29','1996-07-28'),
(10054,42889,'1996-07-28','1997-07-28'),
(10054,42846,'1997-07-28','1998-07-28'),
(10054,44680,'1998-07-28','1999-07-28'),
(10054,44958,'1999-07-28','2000-07-27'),
(10054,49391,'2000-07-27','2001-07-27'),
(10054,52184,'2001-07-27','2002-07-27'),
(10054,53906,'2002-07-27','9999-01-01'),
(10055,80024,'1992-04-27','1993-04-27'),
(10055,83592,'1993-04-27','1994-04-27'),
(10055,87473,'1994-04-27','1995-04-27'),
(10055,90843,'1995-04-27','1995-07-22'),
(10056,48857,'1990-02-01','1991-02-01'),
(10056,51457,'1991-02-01','1992-02-01'),
(10056,53869,'1992-02-01','1993-01-31'),
(10056,54677,'1993-01-31','1994-01-31'),
(10056,56047,'1994-01-31','1995-01-31'),
(10056,59252,'1995-01-31','1996-01-31'),
(10056,61963,'1996-01-31','1997-01-30'),
(10056,65622,'1997-01-30','1998-01-30'),
(10056,67648,'1998-01-30','1999-01-30'),
(10056,70163,'1999-01-30','2000-01-30'),
(10056,69905,'2000-01-30','2001-01-29'),
(10056,74004,'2001-01-29','2002-01-29'),
(10056,74722,'2002-01-29','9999-01-01'),
(10057,49616,'1992-01-15','1993-01-14'),
(10057,53897,'1993-01-14','1994-01-14'),
(10057,58099,'1994-01-14','1995-01-14'),
(10057,58881,'1995-01-14','1996-01-14'),
(10057,61013,'1996-01-14','1997-01-13'),
(10057,61055,'1997-01-13','1998-01-13'),
(10057,61255,'1998-01-13','1999-01-13'),
(10057,60966,'1999-01-13','2000-01-13'),
(10057,63507,'2000-01-13','2001-01-12'),
(10057,66430,'2001-01-12','2002-01-12'),
(10057,68061,'2002-01-12','9999-01-01'),
(10058,52787,'1988-04-25','1989-04-25'),
(10058,53377,'1989-04-25','1990-04-25'),
(10058,53869,'1990-04-25','1991-04-25'),
(10058,55134,'1991-04-25','1992-04-24'),
(10058,57882,'1992-04-24','1993-04-24'),
(10058,58807,'1993-04-24','1994-04-24'),
(10058,63284,'1994-04-24','1995-04-24'),
(10058,63666,'1995-04-24','1996-04-23'),
(10058,65706,'1996-04-23','1997-04-23'),
(10058,67913,'1997-04-23','1998-04-23'),
(10058,68623,'1998-04-23','1999-04-23'),
(10058,71438,'1999-04-23','2000-04-22'),
(10058,72151,'2000-04-22','2001-04-22'),
(10058,72363,'2001-04-22','2002-04-22'),
(10058,72542,'2002-04-22','9999-01-01'),
(10059,71218,'1991-06-26','1992-06-25'),
(10059,73299,'1992-06-25','1993-06-25'),
(10059,76448,'1993-06-25','1994-06-25'),
(10059,80739,'1994-06-25','1995-06-25'),
(10059,82318,'1995-06-25','1996-06-24'),
(10059,84522,'1996-06-24','1997-06-24'),
(10059,86290,'1997-06-24','1998-06-24'),
(10059,89824,'1998-06-24','1999-06-24'),
(10059,90380,'1999-06-24','2000-06-23'),
(10059,90689,'2000-06-23','2001-06-23'),
(10059,93280,'2001-06-23','2002-06-23'),
(10059,94161,'2002-06-23','9999-01-01'),
(10060,74686,'1989-05-28','1990-05-28'),
(10060,75594,'1990-05-28','1991-05-28'),
(10060,77772,'1991-05-28','1992-05-27'),
(10060,78393,'1992-05-27','1993-05-27'),
(10060,77964,'1993-05-27','1994-05-27'),
(10060,78057,'1994-05-27','1995-05-27'),
(10060,78983,'1995-05-27','1996-05-26'),
(10060,79900,'1996-05-26','1997-05-26'),
(10060,79684,'1997-05-26','1998-05-26'),
(10060,84052,'1998-05-26','1999-05-26'),
(10060,85960,'1999-05-26','2000-05-25'),
(10060,87773,'2000-05-25','2001-05-25'),
(10060,89769,'2001-05-25','2002-05-25'),
(10060,93188,'2002-05-25','9999-01-01'),
(10061,68577,'1989-12-02','1990-12-02'),
(10061,71135,'1990-12-02','1991-12-02'),
(10061,72464,'1991-12-02','1992-12-01'),
(10061,74796,'1992-12-01','1993-12-01'),
(10061,74944,'1993-12-01','1994-12-01'),
(10061,79041,'1994-12-01','1995-12-01'),
(10061,80248,'1995-12-01','1996-11-30'),
(10061,84445,'1996-11-30','1997-11-30'),
(10061,88012,'1997-11-30','1998-11-30'),
(10061,90972,'1998-11-30','1999-11-30'),
(10061,91371,'1999-11-30','2000-11-29'),
(10061,95866,'2000-11-29','2001-11-29'),
(10061,97338,'2001-11-29','9999-01-01'),
(10062,55685,'1991-08-30','1992-08-29'),
(10062,59029,'1992-08-29','1993-08-29'),
(10062,60089,'1993-08-29','1994-08-29'),
(10062,62194,'1994-08-29','1995-08-29'),
(10062,61761,'1995-08-29','1996-08-28'),
(10062,65275,'1996-08-28','1997-08-28'),
(10062,65544,'1997-08-28','1998-08-28'),
(10062,66167,'1998-08-28','1999-08-28'),
(10062,66447,'1999-08-28','2000-08-27'),
(10062,68784,'2000-08-27','2001-08-27'),
(10062,68559,'2001-08-27','9999-01-01'),
(10063,40000,'1989-04-08','1990-04-08'),
(10063,41990,'1990-04-08','1991-04-08'),
(10063,44342,'1991-04-08','1992-04-07'),
(10063,48429,'1992-04-07','1993-04-07'),
(10063,52466,'1993-04-07','1994-04-07'),
(10063,54823,'1994-04-07','1995-04-07'),
(10063,56442,'1995-04-07','1996-04-05'),
(10063,60165,'1996-04-05','1997-04-05'),
(10063,63852,'1997-04-05','1998-04-06'),
(10063,65262,'1998-04-06','1999-04-06'),
(10063,69354,'1999-04-06','2000-04-05'),
(10063,71028,'2000-04-05','2001-04-05'),
(10063,73393,'2001-04-05','2002-04-04'),
(10063,74841,'2002-04-04','9999-01-01'),
(10064,40000,'1985-11-20','1986-11-20'),
(10064,39551,'1986-11-20','1987-11-20'),
(10064,41264,'1987-11-20','1988-11-19'),
(10064,40795,'1988-11-19','1989-11-19'),
(10064,43466,'1989-11-19','1990-11-19'),
(10064,45895,'1990-11-19','1991-11-19'),
(10064,48454,'1991-11-19','1992-03-02'),
(10065,40000,'1998-05-24','1999-05-24'),
(10065,40503,'1999-05-24','2000-05-23'),
(10065,42031,'2000-05-23','2001-05-23'),
(10065,43655,'2001-05-23','2002-05-23'),
(10065,47437,'2002-05-23','9999-01-01'),
(10066,69736,'1986-02-26','1987-02-26'),
(10066,72147,'1987-02-26','1988-02-26'),
(10066,76616,'1988-02-26','1989-02-25'),
(10066,78885,'1989-02-25','1990-02-25'),
(10066,82819,'1990-02-25','1991-02-25'),
(10066,84064,'1991-02-25','1992-02-25'),
(10066,84161,'1992-02-25','1993-02-24'),
(10066,84368,'1993-02-24','1994-02-24'),
(10066,88392,'1994-02-24','1995-02-24'),
(10066,88808,'1995-02-24','1996-02-24'),
(10066,92405,'1996-02-24','1997-02-23'),
(10066,96451,'1997-02-23','1998-02-23'),
(10066,98656,'1998-02-23','1999-02-23'),
(10066,99199,'1999-02-23','2000-02-23'),
(10066,102425,'2000-02-23','2001-02-22'),
(10066,102674,'2001-02-22','2002-02-22'),
(10066,103672,'2002-02-22','9999-01-01'),
(10067,44642,'1987-03-04','1988-03-03'),
(10067,47879,'1988-03-03','1989-03-03'),
(10067,47733,'1989-03-03','1990-03-03'),
(10067,51396,'1990-03-03','1991-03-03'),
(10067,52808,'1991-03-03','1992-03-02'),
(10067,56581,'1992-03-02','1993-03-02'),
(10067,58363,'1993-03-02','1994-03-02'),
(10067,62607,'1994-03-02','1995-03-02'),
(10067,66769,'1995-03-02','1996-03-01'),
(10067,70158,'1996-03-01','1997-03-01'),
(10067,73730,'1997-03-01','1998-03-01'),
(10067,74242,'1998-03-01','1999-03-01'),
(10067,75732,'1999-03-01','2000-02-29'),
(10067,77620,'2000-02-29','2001-02-28'),
(10067,81784,'2001-02-28','2002-02-28'),
(10067,83254,'2002-02-28','9999-01-01'),
(10068,87964,'1987-08-07','1988-08-06'),
(10068,92176,'1988-08-06','1989-08-06'),
(10068,92089,'1989-08-06','1990-08-06'),
(10068,93474,'1990-08-06','1991-08-06'),
(10068,94724,'1991-08-06','1992-08-05'),
(10068,97058,'1992-08-05','1993-08-05'),
(10068,100005,'1993-08-05','1994-08-05'),
(10068,101829,'1994-08-05','1995-08-05'),
(10068,101630,'1995-08-05','1996-08-04'),
(10068,105533,'1996-08-04','1997-08-04'),
(10068,106204,'1997-08-04','1998-08-04'),
(10068,108345,'1998-08-04','1999-08-04'),
(10068,111623,'1999-08-04','2000-08-03'),
(10068,112470,'2000-08-03','2001-08-03'),
(10068,113229,'2001-08-03','9999-01-01'),
(10069,67932,'1992-06-14','1993-06-14'),
(10069,68046,'1993-06-14','1994-06-14'),
(10069,67675,'1994-06-14','1995-06-14'),
(10069,69876,'1995-06-14','1996-06-13'),
(10069,70464,'1996-06-13','1997-06-13'),
(10069,71574,'1997-06-13','1998-06-13'),
(10069,74638,'1998-06-13','1999-06-13'),
(10069,79102,'1999-06-13','2000-06-12'),
(10069,82731,'2000-06-12','2001-06-12'),
(10069,85931,'2001-06-12','2002-06-12'),
(10069,86641,'2002-06-12','9999-01-01'),
(10070,55999,'1985-10-14','1986-10-14'),
(10070,56848,'1986-10-14','1987-10-14'),
(10070,61306,'1987-10-14','1988-10-13'),
(10070,63174,'1988-10-13','1989-10-13'),
(10070,63950,'1989-10-13','1990-10-13'),
(10070,64776,'1990-10-13','1991-10-13'),
(10070,67223,'1991-10-13','1992-10-12'),
(10070,70301,'1992-10-12','1993-10-12'),
(10070,74286,'1993-10-12','1994-10-12'),
(10070,77938,'1994-10-12','1995-10-12'),
(10070,82124,'1995-10-12','1996-10-11'),
(10070,83639,'1996-10-11','1997-10-11'),
(10070,87499,'1997-10-11','1998-10-11'),
(10070,87086,'1998-10-11','1999-10-11'),
(10070,90690,'1999-10-11','2000-10-10'),
(10070,94654,'2000-10-10','2001-10-10'),
(10070,96322,'2001-10-10','9999-01-01'),
(10071,40000,'1995-08-05','1996-08-04'),
(10071,40087,'1996-08-04','1997-08-04'),
(10071,41656,'1997-08-04','1998-08-04'),
(10071,42768,'1998-08-04','1999-08-04'),
(10071,46295,'1999-08-04','2000-08-03'),
(10071,49837,'2000-08-03','2001-08-03'),
(10071,53315,'2001-08-03','9999-01-01'),
(10072,40000,'1989-05-21','1990-05-21'),
(10072,39567,'1990-05-21','1991-05-21'),
(10072,39724,'1991-05-21','1992-05-20'),
(10072,40803,'1992-05-20','1993-05-20'),
(10072,44781,'1993-05-20','1994-05-20'),
(10072,49265,'1994-05-20','1995-05-20'),
(10072,53559,'1995-05-20','1996-05-19'),
(10072,56103,'1996-05-19','1997-05-19'),
(10072,58578,'1997-05-19','1998-05-19'),
(10072,60600,'1998-05-19','1999-05-19'),
(10072,62174,'1999-05-19','2000-05-18'),
(10072,63157,'2000-05-18','2001-05-18'),
(10072,64726,'2001-05-18','2002-05-18'),
(10072,64512,'2002-05-18','9999-01-01'),
(10073,56473,'1998-02-02','1998-02-22'),
(10074,61714,'1990-08-13','1991-08-13'),
(10074,64739,'1991-08-13','1992-08-12'),
(10074,64655,'1992-08-12','1993-08-12'),
(10074,67516,'1993-08-12','1994-08-12'),
(10074,70019,'1994-08-12','1995-08-12'),
(10074,70984,'1995-08-12','1996-08-11'),
(10074,72145,'1996-08-11','1997-08-11'),
(10074,73009,'1997-08-11','1998-08-11'),
(10074,77489,'1998-08-11','1999-08-11'),
(10074,77625,'1999-08-11','2000-08-10'),
(10074,79934,'2000-08-10','2001-08-10'),
(10074,80820,'2001-08-10','9999-01-01'),
(10075,43815,'1988-05-17','1989-05-17'),
(10075,43590,'1989-05-17','1990-05-17'),
(10075,46087,'1990-05-17','1991-05-17'),
(10075,47765,'1991-05-17','1992-05-16'),
(10075,48606,'1992-05-16','1993-05-16'),
(10075,49208,'1993-05-16','1994-05-16'),
(10075,51099,'1994-05-16','1995-05-16'),
(10075,51323,'1995-05-16','1996-05-15'),
(10075,51238,'1996-05-15','1997-05-15'),
(10075,55463,'1997-05-15','1998-05-15'),
(10075,59623,'1998-05-15','1999-05-15'),
(10075,63624,'1999-05-15','2000-05-14'),
(10075,67492,'2000-05-14','2001-01-15'),
(10076,47319,'1996-07-15','1997-07-15'),
(10076,50802,'1997-07-15','1998-07-15'),
(10076,54783,'1998-07-15','1999-07-15'),
(10076,57418,'1999-07-15','2000-07-14'),
(10076,59999,'2000-07-14','2001-07-14'),
(10076,61118,'2001-07-14','2002-07-14'),
(10076,62921,'2002-07-14','9999-01-01'),
(10077,40000,'1994-12-23','1995-12-23'),
(10077,43745,'1995-12-23','1996-12-22'),
(10077,43864,'1996-12-22','1997-12-22'),
(10077,47173,'1997-12-22','1998-12-22'),
(10077,49955,'1998-12-22','1999-12-22'),
(10077,50403,'1999-12-22','2000-12-21'),
(10077,51581,'2000-12-21','2001-12-21'),
(10077,54699,'2001-12-21','9999-01-01'),
(10078,47280,'1994-09-29','1995-09-29'),
(10078,46833,'1995-09-29','1996-09-28'),
(10078,50652,'1996-09-28','1997-09-28'),
(10078,50977,'1997-09-28','1998-09-28'),
(10078,51132,'1998-09-28','1999-09-28'),
(10078,53130,'1999-09-28','2000-09-27'),
(10078,52860,'2000-09-27','2001-09-27'),
(10078,54652,'2001-09-27','9999-01-01'),
(10079,53492,'1995-12-13','1996-12-12'),
(10079,56811,'1996-12-12','1997-12-12'),
(10079,56717,'1997-12-12','1998-12-12'),
(10079,56256,'1998-12-12','1999-12-12'),
(10079,59225,'1999-12-12','2000-12-11'),
(10079,63641,'2000-12-11','2001-12-11'),
(10079,67231,'2001-12-11','9999-01-01'),
(10080,54916,'1994-09-28','1995-09-28'),
(10080,56838,'1995-09-28','1996-09-27'),
(10080,60742,'1996-09-27','1997-09-27'),
(10080,62087,'1997-09-27','1998-09-27'),
(10080,65129,'1998-09-27','1999-09-27'),
(10080,68691,'1999-09-27','2000-09-26'),
(10080,71986,'2000-09-26','2001-09-26'),
(10080,72729,'2001-09-26','9999-01-01'),
(10081,55786,'1986-10-30','1987-10-30'),
(10081,58975,'1987-10-30','1988-10-29'),
(10081,58475,'1988-10-29','1989-10-29'),
(10081,61935,'1989-10-29','1990-10-29'),
(10081,63172,'1990-10-29','1991-10-29'),
(10081,64355,'1991-10-29','1992-10-28'),
(10081,64054,'1992-10-28','1993-10-28'),
(10081,66796,'1993-10-28','1994-10-28'),
(10081,66704,'1994-10-28','1995-10-28'),
(10081,68102,'1995-10-28','1996-10-27'),
(10081,69882,'1996-10-27','1997-10-27'),
(10081,73516,'1997-10-27','1998-10-27'),
(10081,74714,'1998-10-27','1999-10-27'),
(10081,74734,'1999-10-27','2000-10-26'),
(10081,75683,'2000-10-26','2001-10-26'),
(10081,79351,'2001-10-26','9999-01-01'),
(10082,48935,'1990-01-03','1990-01-15'),
(10083,40000,'1987-03-31','1988-03-30'),
(10083,44226,'1988-03-30','1989-03-30'),
(10083,47900,'1989-03-30','1990-03-30'),
(10083,49732,'1990-03-30','1991-03-30'),
(10083,53520,'1991-03-30','1992-03-29'),
(10083,54944,'1992-03-29','1993-03-29'),
(10083,55469,'1993-03-29','1994-03-29'),
(10083,58814,'1994-03-29','1995-03-29'),
(10083,59286,'1995-03-29','1996-03-28'),
(10083,62727,'1996-03-28','1997-03-28'),
(10083,65435,'1997-03-28','1998-03-28'),
(10083,67142,'1998-03-28','1999-03-28'),
(10083,70495,'1999-03-28','2000-03-27'),
(10083,73060,'2000-03-27','2001-03-27'),
(10083,73756,'2001-03-27','2002-03-27'),
(10083,77186,'2002-03-27','9999-01-01'),
(10084,69811,'1995-12-15','1996-12-14'),
(10084,74293,'1996-12-14','1997-12-14'),
(10084,78493,'1997-12-14','1998-12-14'),
(10084,81977,'1998-12-14','1999-12-14'),
(10084,86412,'1999-12-14','2000-12-13'),
(10084,90039,'2000-12-13','2001-12-13'),
(10084,93621,'2001-12-13','9999-01-01'),
(10085,40000,'1994-04-09','1995-04-09'),
(10085,43030,'1995-04-09','1996-04-08'),
(10085,46477,'1996-04-08','1997-04-08'),
(10085,47707,'1997-04-08','1998-04-08'),
(10085,50245,'1998-04-08','1999-04-08'),
(10085,52683,'1999-04-08','2000-04-07'),
(10085,55176,'2000-04-07','2001-04-07'),
(10085,56905,'2001-04-07','2002-04-06'),
(10085,60910,'2002-04-06','9999-01-01'),
(10086,81613,'1992-02-19','1993-02-18'),
(10086,81404,'1993-02-18','1994-02-18'),
(10086,80991,'1994-02-18','1995-02-18'),
(10086,80941,'1995-02-18','1996-02-18'),
(10086,80934,'1996-02-18','1997-02-17'),
(10086,84324,'1997-02-17','1998-02-17'),
(10086,88049,'1998-02-17','1999-02-17'),
(10086,90241,'1999-02-17','2000-02-17'),
(10086,92125,'2000-02-17','2001-02-16'),
(10086,96471,'2001-02-16','2002-02-16'),
(10086,96333,'2002-02-16','9999-01-01'),
(10087,96750,'1997-05-08','1998-05-08'),
(10087,98200,'1998-05-08','1999-05-08'),
(10087,98460,'1999-05-08','2000-05-07'),
(10087,102651,'2000-05-07','2001-01-09'),
(10088,65957,'1988-09-02','1989-09-02'),
(10088,67837,'1989-09-02','1990-09-02'),
(10088,70774,'1990-09-02','1991-09-02'),
(10088,70709,'1991-09-02','1992-09-01'),
(10088,73858,'1992-09-01','1993-09-01'),
(10088,78302,'1993-09-01','1994-09-01'),
(10088,79993,'1994-09-01','1995-09-01'),
(10088,79519,'1995-09-01','1996-08-31'),
(10088,83755,'1996-08-31','1997-08-31'),
(10088,84024,'1997-08-31','1998-08-31'),
(10088,87639,'1998-08-31','1999-08-31'),
(10088,91296,'1999-08-31','2000-08-30'),
(10088,95451,'2000-08-30','2001-08-30'),
(10088,98003,'2001-08-30','9999-01-01'),
(10089,56469,'1989-01-10','1990-01-10'),
(10089,56165,'1990-01-10','1991-01-10'),
(10089,56040,'1991-01-10','1992-01-10'),
(10089,60332,'1992-01-10','1993-01-09'),
(10089,63549,'1993-01-09','1994-01-09'),
(10089,64105,'1994-01-09','1995-01-09'),
(10089,65543,'1995-01-09','1996-01-09'),
(10089,69267,'1996-01-09','1997-01-08'),
(10089,70480,'1997-01-08','1998-01-08'),
(10089,70147,'1998-01-08','1999-01-08'),
(10089,71560,'1999-01-08','2000-01-08'),
(10089,72862,'2000-01-08','2001-01-07'),
(10089,74138,'2001-01-07','2002-01-07'),
(10089,77955,'2002-01-07','9999-01-01'),
(10090,44978,'1986-03-14','1987-03-14'),
(10090,47905,'1987-03-14','1988-03-13'),
(10090,48211,'1988-03-13','1989-03-13'),
(10090,50694,'1989-03-13','1990-03-13'),
(10090,54084,'1990-03-13','1991-03-13'),
(10090,54095,'1991-03-13','1992-03-12'),
(10090,56190,'1992-03-12','1993-03-12'),
(10090,58604,'1993-03-12','1994-03-12'),
(10090,61661,'1994-03-12','1995-03-12'),
(10090,64839,'1995-03-12','1996-03-11'),
(10090,69311,'1996-03-11','1997-03-11'),
(10090,71274,'1997-03-11','1998-03-11'),
(10090,71605,'1998-03-11','1999-03-11'),
(10090,75401,'1999-03-11','1999-05-07'),
(10091,40000,'1992-11-18','1993-11-18'),
(10091,41181,'1993-11-18','1994-11-18'),
(10091,43812,'1994-11-18','1995-11-18'),
(10091,44046,'1995-11-18','1996-11-17'),
(10091,45385,'1996-11-17','1997-11-17'),
(10091,46467,'1997-11-17','1998-11-17'),
(10091,49155,'1998-11-17','1999-11-17'),
(10091,53157,'1999-11-17','2000-11-16'),
(10091,55958,'2000-11-16','2001-11-16'),
(10091,60014,'2001-11-16','9999-01-01'),
(10092,53977,'1996-04-22','1997-04-22'),
(10092,54672,'1997-04-22','1998-04-22'),
(10092,58042,'1998-04-22','1999-04-22'),
(10092,61969,'1999-04-22','2000-04-21'),
(10092,62607,'2000-04-21','2001-04-21'),
(10092,62323,'2001-04-21','2002-04-21'),
(10092,66803,'2002-04-21','9999-01-01'),
(10093,67856,'1997-06-08','1998-06-08'),
(10093,70269,'1998-06-08','1999-06-08'),
(10093,73951,'1999-06-08','2000-06-07'),
(10093,76944,'2000-06-07','2001-06-07'),
(10093,78796,'2001-06-07','2002-06-07'),
(10093,82715,'2002-06-07','9999-01-01'),
(10094,58001,'1987-04-18','1988-04-17'),
(10094,61131,'1988-04-17','1989-04-17'),
(10094,63147,'1989-04-17','1990-04-17'),
(10094,66339,'1990-04-17','1991-04-17'),
(10094,68848,'1991-04-17','1992-04-16'),
(10094,72932,'1992-04-16','1993-04-16'),
(10094,73585,'1993-04-16','1994-04-16'),
(10094,73617,'1994-04-16','1995-04-16'),
(10094,76830,'1995-04-16','1996-04-15'),
(10094,80759,'1996-04-15','1997-04-15'),
(10094,85225,'1997-04-15','1997-11-08'),
(10095,63668,'1994-03-10','1995-03-10'),
(10095,65982,'1995-03-10','1996-03-09'),
(10095,66404,'1996-03-09','1997-03-09'),
(10095,67641,'1997-03-09','1998-03-09'),
(10095,70079,'1998-03-09','1999-03-09'),
(10095,72169,'1999-03-09','2000-03-08'),
(10095,74387,'2000-03-08','2001-03-08'),
(10095,76900,'2001-03-08','2002-03-08'),
(10095,80955,'2002-03-08','9999-01-01'),
(10096,61395,'1999-01-23','2000-01-23'),
(10096,63811,'2000-01-23','2001-01-22'),
(10096,65962,'2001-01-22','2002-01-22'),
(10096,68612,'2002-01-22','9999-01-01'),
(10097,44886,'1990-09-15','1991-09-15'),
(10097,47987,'1991-09-15','1992-09-14'),
(10097,50406,'1992-09-14','1993-09-14'),
(10097,51981,'1993-09-14','1994-09-14'),
(10097,53075,'1994-09-14','1995-09-14'),
(10097,53699,'1995-09-14','1996-09-13'),
(10097,56903,'1996-09-13','1997-09-13'),
(10097,59339,'1997-09-13','1998-09-13'),
(10097,62690,'1998-09-13','1999-09-13'),
(10097,65841,'1999-09-13','2000-09-12'),
(10097,67846,'2000-09-12','2001-09-12'),
(10097,70161,'2001-09-12','9999-01-01'),
(10098,40000,'1985-05-13','1986-05-13'),
(10098,41426,'1986-05-13','1987-05-13'),
(10098,45147,'1987-05-13','1988-05-12'),
(10098,48625,'1988-05-12','1989-05-12'),
(10098,49228,'1989-05-12','1990-05-12'),
(10098,51404,'1990-05-12','1991-05-12'),
(10098,53646,'1991-05-12','1992-05-11'),
(10098,56202,'1992-05-11','1992-12-11'),
(10099,68781,'1988-10-18','1989-10-18'),
(10099,70711,'1989-10-18','1990-10-18'),
(10099,75094,'1990-10-18','1991-10-18'),
(10099,78490,'1991-10-18','1992-10-17'),
(10099,81154,'1992-10-17','1993-10-17'),
(10099,81480,'1993-10-17','1994-10-17'),
(10099,85032,'1994-10-17','1995-10-17'),
(10099,84698,'1995-10-17','1996-10-16'),
(10099,86038,'1996-10-16','1997-10-16'),
(10099,86212,'1997-10-16','1998-10-16'),
(10099,89257,'1998-10-16','1999-10-16'),
(10099,93297,'1999-10-16','2000-10-15'),
(10099,95842,'2000-10-15','2001-10-15'),
(10099,98538,'2001-10-15','9999-01-01'),
(10100,54398,'1987-09-21','1988-09-20'),
(10100,55586,'1988-09-20','1989-09-20'),
(10100,57195,'1989-09-20','1990-09-20'),
(10100,58209,'1990-09-20','1991-09-20'),
(10100,57770,'1991-09-20','1992-09-19'),
(10100,59188,'1992-09-19','1993-09-19'),
(10100,60763,'1993-09-19','1994-09-19'),
(10100,64797,'1994-09-19','1995-09-19'),
(10100,68037,'1995-09-19','1996-09-18'),
(10100,69404,'1996-09-18','1997-09-18'),
(10100,70575,'1997-09-18','1998-09-18'),
(10100,70464,'1998-09-18','1999-09-18'),
(10100,72343,'1999-09-18','2000-09-17'),
(10100,74365,'2000-09-17','2001-09-17'),
(10100,74957,'2001-09-17','9999-01-01'),
(10101,66591,'1998-10-14','1999-10-14'),
(10101,66715,'1999-10-14','2000-09-23'),
(10102,44380,'1995-01-02','1996-01-02'),
(10102,44176,'1996-01-02','1997-01-01'),
(10102,43915,'1997-01-01','1998-01-01'),
(10102,47250,'1998-01-01','1999-01-01'),
(10102,51641,'1999-01-01','2000-01-01'),
(10102,54847,'2000-01-01','2000-12-31'),
(10102,56792,'2000-12-31','2001-12-31'),
(10102,61059,'2001-12-31','9999-01-01'),
(10103,68158,'1998-01-12','1999-01-12'),
(10103,70524,'1999-01-12','2000-01-12'),
(10103,74895,'2000-01-12','2001-01-11'),
(10103,76716,'2001-01-11','2002-01-11'),
(10103,80061,'2002-01-11','9999-01-01'),
(10104,45312,'1987-04-16','1988-04-15'),
(10104,47022,'1988-04-15','1989-04-15'),
(10104,48238,'1989-04-15','1990-04-15'),
(10104,51370,'1990-04-15','1991-04-15'),
(10104,52503,'1991-04-15','1992-04-14'),
(10104,56992,'1992-04-14','1993-04-14'),
(10104,60376,'1993-04-14','1994-04-14'),
(10104,63980,'1994-04-14','1995-04-14'),
(10104,67186,'1995-04-14','1996-04-13'),
(10104,69048,'1996-04-13','1997-04-13'),
(10104,68825,'1997-04-13','1998-04-13'),
(10104,72810,'1998-04-13','1999-04-13'),
(10104,76851,'1999-04-13','2000-04-12'),
(10104,79878,'2000-04-12','2001-04-12'),
(10104,81834,'2001-04-12','2002-04-12'),
(10104,81788,'2002-04-12','9999-01-01'),
(10105,59258,'1999-05-17','2000-05-16'),
(10105,61514,'2000-05-16','2001-05-16'),
(10105,61172,'2001-05-16','2001-06-11'),
(10106,62928,'1991-10-27','1992-10-25'),
(10106,65062,'1992-10-25','1993-10-26'),
(10106,65616,'1993-10-26','1994-10-26'),
(10106,68515,'1994-10-26','1995-10-26'),
(10106,69581,'1995-10-26','1996-10-25'),
(10106,73687,'1996-10-25','1997-10-25'),
(10106,73427,'1997-10-25','1998-10-25'),
(10106,77451,'1998-10-25','1999-10-25'),
(10106,80777,'1999-10-25','2000-10-24'),
(10106,80952,'2000-10-24','2001-10-24'),
(10106,82836,'2001-10-24','9999-01-01'),
(10107,93159,'1999-03-30','2000-03-29'),
(10107,97163,'2000-03-29','2001-03-29'),
(10107,99648,'2001-03-29','2002-03-29'),
(10107,101676,'2002-03-29','9999-01-01'),
(10108,40000,'1999-03-20','2000-03-19'),
(10108,42848,'2000-03-19','2001-03-19'),
(10108,45664,'2001-03-19','2001-10-20'),
(10109,40000,'1993-06-16','1994-06-16'),
(10109,42756,'1994-06-16','1995-06-16'),
(10109,46315,'1995-06-16','1996-06-15'),
(10109,46621,'1996-06-15','1997-06-15'),
(10109,46700,'1997-06-15','1998-06-15'),
(10109,46975,'1998-06-15','1999-06-15'),
(10109,50806,'1999-06-15','2000-06-14'),
(10109,51328,'2000-06-14','2001-06-14'),
(10109,51092,'2001-06-14','2002-06-14'),
(10109,52721,'2002-06-14','9999-01-01'),
(10110,46836,'1986-08-22','1987-08-22'),
(10110,50566,'1987-08-22','1988-08-21'),
(10110,54311,'1988-08-21','1989-08-21'),
(10110,55613,'1989-08-21','1990-08-21'),
(10110,59450,'1990-08-21','1991-08-21'),
(10110,59836,'1991-08-21','1992-08-20'),
(10110,61528,'1992-08-20','1993-08-20'),
(10110,65794,'1993-08-20','1994-08-20'),
(10110,69692,'1994-08-20','1995-08-20'),
(10110,73766,'1995-08-20','1996-08-19'),
(10110,77080,'1996-08-19','1997-08-19'),
(10110,81047,'1997-08-19','1998-08-19'),
(10110,82382,'1998-08-19','1999-08-19'),
(10110,85563,'1999-08-19','2000-08-18'),
(10110,89803,'2000-08-18','2001-08-18'),
(10110,92842,'2001-08-18','9999-01-01'),
(10111,40000,'1988-12-19','1989-12-19');
